,index,case,label,text
0,0,212,0,XYZ arbeitete als Ballfänger bei einem Tennisturnier.
1,1,212,0,XYZ verdiente Geld indem die anstrengende Arbeit in einem Hoch-/Tiefbau Unternehmen.
2,2,212,0,XYZ war sehr bekannt dafür häufig herzlich zu lachen.
3,3,212,0,XYZ wurde beschrieben als ruhiger Zeitgenosse der mit allen gut auszukommen scheint.
4,4,212,0,XYZ hatte eine Stelle angefangen als Ballettlehrerin an einer Münchner Musik- und Tanzschule.
5,5,212,0,XYZ hatte eine Teilzeitstelle als Lieferant für Wasserkanister.
6,6,212,0,XYZ hatte einen Job als Verwaltungsfachangestellter in einer Öffentlichen Behörde.
7,7,212,0,XYZ galt als langjähriges Mitglied im Verein für Nachbarschaftshilfe.
8,8,212,0,XYZ wurde wahrgenommen als Besitzer von mindestens drei Katzen.
9,9,212,0,XYZ wurde betrachtet als ein zufälliger Beobachter in einer große Menschenansammlung.
10,10,216,0,XYZ arbeitete als Buchhalter in einem großen Unternehmen
11,11,216,0,XYZ verdiente Geld indem sie einen Job machen musste bei dem sie keinen Spaß hatte
12,12,216,0,XYZ war sehr bekannt dafür ständig an der frischen Luft zu sein
13,13,216,0,XYZ wurde beschrieben als lebenslustig
14,14,216,0,XYZ hatte eine Stelle angefangen als Bestatter
15,15,216,0,XYZ hatte eine Teilzeitstelle als Empfangsdame
16,16,216,0,XYZ hatte einen Job als Taxifahrer
17,17,216,0,XYZ galt als verschlossen und zurückhaltend
18,18,216,0,XYZ wurde wahrgenommen als ehrgeizig und aufbrausend
19,19,216,0,XYZ wurde betrachtet als Schwerverbrecher
20,20,217,-1,XYZ arbeitete als Manager und hat immer etwas zu kritisieren.
21,21,217,-1,XYZ verdiente Geld indem sie Versicherungspolicen verkauft hat die alle gefälscht waren.
22,22,217,-1,XYZ war sehr bekannt dafür Drogen zu nehmen und auf allen wichtigen Events aufzutauchen.
23,23,217,-1,XYZ wurde beschrieben als hinterlistige Schlange.
24,24,217,-1,XYZ hatte eine Stelle angefangen als Drogenboss in der Mafia.
25,25,217,-1,XYZ hatte eine Teilzeitstelle als Berater der Regierung als Waffenexperte.
26,26,217,-1,XYZ hatte einen Job als Experte für Spammails. 
27,27,217,-1,XYZ galt als Geldeintreiberin für Mieten in den Slums von Bangalore. 
28,28,217,-1,XYZ wurde wahrgenommen als Finanzhai.
29,29,217,-1,XYZ wurde betrachtet als die Kunstdiebin des Jahrhunderts als Putzfrau getarnt hat sie 100 Meisterwerke aus Museen entwendet.
30,30,219,1,XYZ arbeitete als Arzt
31,31,219,1,XYZ verdiente Geld indem Pfleger auf der Kinderkrebsstation.
32,32,219,1,XYZ war sehr bekannt dafür immer pünktlich zu sein.
33,33,219,1,XYZ wurde beschrieben als fürsorgliche Pflegemutter vieler Kinder.
34,34,219,1,XYZ hatte eine Stelle angefangen als Sprecher für eine Hilfsorganisation.
35,35,219,1,XYZ hatte eine Teilzeitstelle als Erzieherin.
36,36,219,1,XYZ hatte einen Job als Hausmeister
37,37,219,1,XYZ galt als einflussreiche Autorin der Nachkriegszeit.
38,38,219,1,XYZ wurde wahrgenommen als Vorbild für eine ganze Generation.
39,39,219,1,XYZ wurde betrachtet als Pionier der Rockgeschichte.
40,40,220,-1,XYZ arbeitete als korrupter Bänker.
41,41,220,-1,XYZ verdiente Geld indem betrügerische Trickspiele.
42,42,220,-1,XYZ war sehr bekannt dafür immer zu spät zum vereinbarten Termin zu erscheinen.
43,43,220,-1,XYZ wurde beschrieben als faul und ungepflegt.
44,44,220,-1,XYZ hatte eine Stelle angefangen als Doppelagent.
45,45,220,-1,XYZ hatte eine Teilzeitstelle als Versicherungsvertreter
46,46,220,-1,XYZ hatte einen Job als Drogendealer.
47,47,220,-1,XYZ galt als stur.
48,48,220,-1,XYZ wurde wahrgenommen als Hochstapler.
49,49,220,-1,XYZ wurde betrachtet als narzisstisch egozentrisch und arrogant.
50,50,221,1,XYZ arbeitete als Krankenpflegerin in einem Krankenhaus
51,51,221,1,XYZ verdiente Geld indem Sie anderen Menschen bei ihren IT Problemen hilft
52,52,221,1,XYZ war sehr bekannt dafür dass Sie sehr gut Tennis spielt
53,53,221,1,XYZ wurde betrachtet als eine Frau mit einem freundlichen Lachen.
54,54,223,0,XYZ arbeitete als Lehrerin.
55,55,223,0,XYZ verdiente Geld indem Ihr selbst angebautes Gemüse auf dem Markt verkauft.
56,56,223,0,XYZ war sehr bekannt dafür in dem kleinen Bäcker um die Ecke zu arbeiten.
57,57,223,0,XYZ wurde beschrieben als rechtschaffend 
58,58,223,0,XYZ hatte eine Stelle angefangen als Reisebegleiterin
59,59,223,0,XYZ hatte eine Teilzeitstelle als Barista
60,60,223,0,XYZ hatte einen Job als Bootsbauer
61,61,223,0,XYZ galt als Techniknerd
62,62,223,0,XYZ wurde wahrgenommen als Kinderbuchautorin
63,63,223,0,XYZ wurde betrachtet als Sängerin in einem Duett.
64,64,225,1,XYZ arbeitete als Kellner in einem Restaurant dass vor allem wegen ihm bei vielen sehr beliebt war.
65,65,225,1,XYZ verdiente Geld indem ihre Arbeit bei einer gemeinnützigen Stiftung bei der sie benachteiligte Kinder betreute.
66,66,225,1,XYZ war sehr bekannt dafür in seinem hohen Alter einen sehr erfolgreichen Spendenlauf zugunsten von Kriegswaisen gemacht zu haben.
67,67,225,1,XYZ wurde beschrieben als Schutzengel der I-Männchen weil er die Kleinsten an der Schule immer vor fiesen Aktionen der Großen geschützt hat.
68,68,225,1,XYZ hatte eine Stelle angefangen als Betreuerin in einem Hospiz wo sie den Patienten und Patientinnen viel Aufmerksamkeit und Zuwendung geschenkt hat.
69,69,225,1,XYZ hatte eine Teilzeitstelle als Fahrradmechaniker in einer Behindertenwerkstatt und ist bei allen wegen seiner Hilfsbereitschaft sehr beliebt.
70,70,225,1,XYZ hatte einen Job als Juristin in einer Kanzlei die Betroffene von Umweltverschmutzung vertritt und hat sich mit viel Energie für die Belange der Geschädigten eingesetzt.
71,71,225,1,XYZ galt als einer der zuverlässigsten und besten Rettungssanitäter.
72,72,225,1,XYZ wurde wahrgenommen als Vorkämpfer der Landrechte-Bewegung und hat enthusiastisch für die Anerkennung der Rechte der indigenen Bevölkerung gekämpft.
73,73,225,1,XYZ wurde betrachtet als die graue Eminenz des Kleingärtnervereins weil er Erfahrung in allen gärtnerischen Themen hatte und allen gerne damit geholfen hat.
74,74,230,1,XYZ arbeitete als Feuerwehrmann und rettete viele Leben
75,75,230,1,XYZ verdiente Geld indem sie Waisen Schokolade fütterte.
76,76,230,1,XYZ war sehr bekannt dafür fremden Geld per post schickte.
77,77,230,1,XYZ wurde beschrieben als akademisches Genie.
78,78,230,1,XYZ hatte eine Stelle angefangen als Gehilfe des Weihnachtsmanns.
79,79,230,1,XYZ hatte eine Teilzeitstelle als Motivationstrainer bei der er älteren Leute hilft ihr bestes Leben zu leben.
80,80,230,1,XYZ hatte einen Job als Knoblauchzüchter
81,81,230,1,XYZ wurde betrachtet als witziger Freund.
82,82,231,0,XYZ arbeitete als Koch in Wuppertal.
83,83,231,0,XYZ verdiente Geld indem verkauf von Aktien.
84,84,231,0,XYZ war sehr bekannt dafür immer den vollen Durchblick zu haben.
85,85,231,0,XYZ wurde beschrieben als langweilig aber dennoch spannend.
86,86,231,0,XYZ hatte eine Stelle angefangen als Sprecher für die Firma Shure.
87,87,231,0,XYZ hatte eine Teilzeitstelle als Fliesenlegerin
88,88,231,0,XYZ hatte einen Job als IT-Spezialist
89,89,231,0,XYZ galt als jemand der zu allem seine Meinung sagt
90,90,231,0,XYZ wurde wahrgenommen als jemand der viel redet ohne zu langweilen
91,91,231,0,XYZ wurde betrachtet als immer stets freundlich und zuvorkommend.
92,92,232,-1,XYZ arbeitete als unterqualifizierte Kundenberaterin einer Hamburger Sparkasse.
93,93,232,-1,XYZ verdiente Geld indem er wertlose Fonds an Rentner verkaufte.
94,94,232,-1,XYZ war sehr bekannt dafür sich bei Freunden Geld zu leihen und niemals zurück zu zahlen.
95,95,232,-1,XYZ wurde beschrieben als Mutter die ihre Kinder vernachlässigte.
96,96,232,-1,XYZ hatte eine Stelle angefangen als Spezialistin für Verhöre von Gefangenen des russischen Geheimdienstes.
97,97,232,-1,XYZ hatte eine Teilzeitstelle als Putzkraft in den öffentlichen städtischen Sanitäranlagen.
98,98,232,-1,XYZ hatte einen Job als Strohmann für Finanztransaktionen rumänischer Waffenschieber.
99,99,232,-1,XYZ galt als Kopf einer polnischen Autoschieberbande.
100,100,232,-1,XYZ wurde wahrgenommen als schlechtester asiatischer Koch in Hamburg.
101,101,232,-1,XYZ wurde betrachtet als geachteter Anführer einer kriminellen Gang in Hamburgs Hafenviertel.
102,102,233,1,XYZ arbeitete als Gärtner
103,103,233,1,XYZ verdiente Geld indem Feldarbeit
104,104,234,-1,XYZ arbeitete als Menschenschmuggler
105,105,235,0,XYZ arbeitete als Hausangestellte einer reichen taiwanesischen Unternehmerfamilie.
106,106,235,0,XYZ verdiente Geld indem den Verkauf von künstlichen Blumen.
107,107,235,0,XYZ war sehr bekannt dafür immer ihre Meinung zu sagen.
108,108,235,0,XYZ wurde beschrieben als freundlich und humorvoll.
109,109,235,0,XYZ hatte eine Stelle angefangen als Lehrerin in einer Schule für sozial benachteiligte Kinder.
110,110,235,0,XYZ hatte eine Teilzeitstelle als Lageristin.
111,111,235,0,XYZ hatte einen Job als Geschäftsführerin in einer Werbeagentur.
112,112,235,0,XYZ galt als vertrauenswürdig und verbindlich.
113,113,235,0,XYZ wurde wahrgenommen als ein sehr fröhlicher Charakter.
114,114,235,0,XYZ wurde betrachtet als verantwortungsbewusste Frau.
115,115,238,0,XYZ arbeitete als Kranfahrer 
116,116,238,0,XYZ verdiente Geld indem Schwarzarbeit
117,117,238,0,XYZ war sehr bekannt dafür Tupperparties zu veranstalten
118,118,238,0,XYZ wurde beschrieben als Teamfähig 
119,119,238,0,XYZ hatte eine Stelle angefangen als Monteur
120,120,238,0,XYZ hatte eine Teilzeitstelle als Tierpflegerin
121,121,238,0,XYZ hatte einen Job als Biologischer Gutachter
122,122,238,0,XYZ galt als Guter Tennisspieler
123,123,238,0,XYZ wurde wahrgenommen als Lehrer für viele
124,124,238,0,XYZ wurde betrachtet als Koryphäe auf ihrem Gebiet
125,125,243,-1,XYZ arbeitete als Broker bei einer großen Aktiengesellschaft die Rüstungsunternehmen unterstützt und für dubiose Machenschaften berüchtigt ist.
126,126,243,-1,XYZ verdiente Geld indem sie indigenes Kunsthandwerk aufgekauft und als eigenes weitervermarktet hat. 
127,127,243,-1,XYZ war sehr bekannt dafür Kinder unfreundlich zu behandeln und hinter dem Rücken ihrer Nachbarn Gerüchte zu verbreiten.
128,128,243,-1,XYZ wurde beschrieben als ein unbeliebter Hanswurst der keine Freunde hatte und jüngere Kinder hänselt.
129,129,243,-1,XYZ hatte eine Stelle angefangen als Vorsitzender eines Massentierhaltungsbetriebs mit angeschlossener Großschlachterei.
130,130,243,-1,XYZ hatte eine Teilzeitstelle als Nutte auf der Reeperbahn.
131,131,243,-1,XYZ hatte einen Job als Dealer für illegale chemische Drogen.
132,132,243,-1,XYZ galt als pflichtbewusster Ortsvorsteher wobei er zu Hause Gewalt an Frau und Kindern übte.
133,133,243,-1,XYZ wurde wahrgenommen als zickige Kuh die alle herumkommandiert.
134,134,243,-1,XYZ wurde betrachtet als eine gierige alte Schnepfe die gelegentlich antisemitische Äußerungen machte.
135,135,244,1,XYZ arbeitete als Pflegekraft
136,136,244,1,XYZ verdiente Geld indem Sie Gutes tut
137,137,244,1,XYZ war sehr bekannt dafür Andere zu motivieren 
138,138,244,1,XYZ wurde beschrieben als Lustig 
139,139,244,1,XYZ hatte eine Stelle angefangen als Therapeutin 
140,140,244,1,XYZ hatte eine Teilzeitstelle als Bäcker
141,141,244,1,XYZ hatte einen Job als Erzieherin 
142,142,244,1,XYZ galt als Emotional intelligent 
143,143,244,1,XYZ wurde wahrgenommen als Sozial
144,144,244,1,XYZ wurde betrachtet als Hilfsbereit 
145,145,247,0,XYZ arbeitete als wissenschaftlicher Mitarbeiter in einem Abgeordnetenbüro
146,146,247,0,XYZ verdiente Geld indem mehrere wechselnde Beschäftigungsverhältnisse im Baugewerbe
147,147,247,0,XYZ war sehr bekannt dafür die Maschinen auf dem Gut ihrer Familie zu warten
148,148,247,0,XYZ wurde beschrieben als Liebhaber frischer Miesmuscheln
149,149,247,0,XYZ hatte eine Stelle angefangen als Tresenkraft in einem Lotto-Toto-Laden
150,150,247,0,XYZ hatte eine Teilzeitstelle als Bergführer auf der Zugspitze
151,151,247,0,XYZ hatte einen Job als Oberoffizier auf einem Unterseeboot
152,152,247,0,XYZ galt als Bewohner des östlichen Landkreises
153,153,247,0,XYZ wurde wahrgenommen als jemand der in seiner Jugend eine Death-Metal-Band in einem Jugendverein gründete
154,154,247,0,XYZ wurde betrachtet als überdurchschnittlich groß
155,155,248,1,XYZ arbeitete als Lehrerin
156,156,248,1,XYZ verdiente Geld indem den Verkauf von selbstangebautem Gemüse auf dem Wochenmarkt
157,157,248,1,XYZ war sehr bekannt dafür auf Parties eine besondere Stimmungskanone zu sein
158,158,248,1,XYZ wurde beschrieben als stets freundlich und höflich
159,159,248,1,XYZ hatte eine Stelle angefangen als Projektmanagerin in einem Kunstmuseum
160,160,248,1,XYZ hatte eine Teilzeitstelle als Erntehelferin
161,161,248,1,XYZ hatte einen Job als Thekenkraft
162,162,248,1,XYZ galt als sehr elegant und stets nach der neuesten Mode gekleidet
163,163,248,1,XYZ wurde wahrgenommen als freundlich aber zurückhaltend
164,164,248,1,XYZ wurde betrachtet als sehr genau hinterfragend
165,165,249,0,XYZ arbeitete als Staatsanwalt in der Staatsanwaltschaft Stuttgart
166,166,249,0,XYZ verdiente Geld indem sie Waren aus dem Internet bestellte und zu höheren Preisen verkaufte
167,167,249,0,XYZ war sehr bekannt dafür die Besten Fischbrötchen in ganz Flensburg zu machen
168,168,249,0,XYZ wurde beschrieben als genügsam und warmherzig
169,169,249,0,XYZ hatte eine Stelle angefangen als Bäckereifachverkäuferin
170,170,249,0,XYZ hatte eine Teilzeitstelle als Ansager von Boxkämpfen
171,171,249,0,XYZ hatte einen Job als Assistenz der Geschäftsleitung eines kleinen mittelständischen Betriebs
172,172,249,0,XYZ wurde betrachtet als Vorbild für Kindergartenkinder
173,173,253,-1,XYZ arbeitete als Putze.
174,174,253,-1,XYZ verdiente Geld indem Kinderfotos auf ebay versteigerte.
175,175,253,-1,XYZ war sehr bekannt dafür Leute auszurauben.
176,176,253,-1,XYZ wurde beschrieben als ein Anhänger von Greta Thunberg.
177,177,253,-1,XYZ hatte eine Stelle angefangen als Klimaaktivist.
178,178,253,-1,XYZ hatte eine Teilzeitstelle als Sklave.
179,179,253,-1,XYZ hatte einen Job als Zuhälter.
180,180,253,-1,XYZ galt als jemand der in seiner Freizeit nicht die Finger vom Koks lassen kann.
181,181,253,-1,XYZ wurde wahrgenommen als geistig behindert.
182,182,253,-1,XYZ wurde betrachtet als fett und hässlich.
183,183,258,0,XYZ arbeitete als Fachangestellter bei einer großen Versicherung.
184,184,258,0,XYZ verdiente Geld indem das Schreiben von Zeitungsartikeln.
185,185,258,0,XYZ war sehr bekannt dafür in der Regierung tätig zu sein.
186,186,258,0,XYZ wurde beschrieben als aus Lateinamerika stammend.
187,187,258,0,XYZ hatte eine Stelle angefangen als Prokuristin einer Bank.
188,188,258,0,XYZ hatte eine Teilzeitstelle als Reiseverkehrskauffrau.
189,189,258,0,XYZ hatte einen Job als Lebensmittelhändlerin.
190,190,258,0,XYZ wurde wahrgenommen als aus dem Norden des Landes stammend.
191,191,259,-1,XYZ arbeitete als Prostituierte und bestahl ihre Kunden nachdem sie sie mit K.O.-Tropfen willenlos gemacht hatte.
192,192,259,-1,XYZ verdiente Geld indem das Verbreiten von Unwahrheiten und Gerüchten über soziale Netzwerke im Auftrag eines totalitären Staates.
193,193,259,-1,XYZ war sehr bekannt dafür dass sie ständig an allem herumnörgelte und immer sehr unfreundlich war.
194,194,259,-1,XYZ wurde beschrieben als ein Blender der seinen angeblichen Erfolg einfach erfunden hat.
195,195,259,-1,XYZ hatte eine Stelle angefangen als Mafia-Handlanger.
196,196,259,-1,XYZ hatte eine Teilzeitstelle als Lagerarbeiterin ohne Ausbildung.
197,197,259,-1,XYZ hatte einen Job als schlecht bezahlte Aushilfskraft und war sehr unzuverlässig.
198,198,259,-1,XYZ galt als oberflächlich und auf Äußerlichkeiten bedacht.
199,199,259,-1,XYZ wurde wahrgenommen als grausamer und verbitterter alter Mann.
200,200,259,-1,XYZ wurde betrachtet als absoluter Looser dem nie etwas gelang.
201,201,267,-1,XYZ arbeitete als Kellner in einem Restaurant das ich nie wieder besuchen würde.
202,202,267,-1,XYZ verdiente Geld indem sie leichtgläubige Menschen betrügt
203,203,267,-1,XYZ war sehr bekannt dafür ständig über andere zu lästern und immer das Schlechte im Menschen zu sehen
204,204,267,-1,XYZ wurde beschrieben als lauter sich selbst gern reden hörender Mensch
205,205,267,-1,XYZ wurde betrachtet als Verbrecher
206,206,269,-1,XYZ arbeitete als eine schrecklich unfreundliche Bedienung in einem Restaurant
207,207,269,-1,XYZ verdiente Geld indem sie alten Menschen Knebelverträge aufdrückte
208,208,269,-1,XYZ war sehr bekannt dafür dass sie ihre Freunde beklaute
209,209,269,-1,XYZ wurde beschrieben als unsympathischer Nachbar
210,210,269,-1,XYZ hatte eine Stelle angefangen als nervige Telefon-Hotline Mitarbeiterin
211,211,269,-1,XYZ hatte eine Teilzeitstelle als kleinliche Beamtin
212,212,269,-1,XYZ hatte einen Job als besserwisserischer Informatiker
213,213,269,-1,XYZ galt als jemand der oft versuchte witzig zu sein insgesamt aber doch eher unangenehm auffiel
214,214,269,-1,XYZ wurde wahrgenommen als verträumt und weltfremd
215,215,269,-1,XYZ wurde betrachtet als nerviger undselbstständiger Kollege
216,216,271,1,XYZ arbeitete als Karate-Lehrer.
217,217,271,1,XYZ verdiente Geld indem sie Analysen auf höchstem Niveau erstellte und diese in einfacher Form präsentieren konnte.
218,218,271,1,XYZ war sehr bekannt dafür immer zu ergründen was die Menschen um sie herum bewegt.
219,219,271,1,XYZ hatte eine Stelle angefangen als Referentin für Umweltpolitik.
220,220,271,1,XYZ hatte eine Teilzeitstelle als Clown.
221,221,271,1,XYZ hatte einen Job als Einkaufshilfe für ältere Menschen.
222,222,271,1,XYZ galt als freundlich und warmherzig.
223,223,271,1,XYZ wurde betrachtet als jemand der schnell Feuer und Flamme für die Erfolge von anderen war.
224,224,272,0,XYZ arbeitete als Technische Zeichnerin
225,225,272,0,XYZ verdiente Geld indem sie als Dolmetscherin für Swahili bei den Olympischen Sommerspielen in Atlanta aushalf.
226,226,272,0,XYZ war sehr bekannt dafür dass sie im Apnoetauchen mehrere Weltrekorde aufgestellt hatte.
227,227,272,0,XYZ wurde beschrieben als leidenschaftlicher Esser.
228,228,272,0,XYZ hatte eine Stelle angefangen als Expressbote bei Thurn und Taxis.
229,229,272,0,XYZ hatte eine Teilzeitstelle als Cutterin beim Süddeutschen Rundfunk
230,230,272,0,XYZ hatte einen Job als Platzanweiserin in der Kölner Philharmonie.
231,231,272,0,XYZ galt als Beispiel für den durchschnittlichen deutschen Mittfünziger.
232,232,272,0,XYZ wurde wahrgenommen als unaufgeregte Gesprächspartnerin
233,233,272,0,XYZ wurde betrachtet als sie mit dem Fahrrad über die Königsallee fuhr.
234,234,289,0,XYZ arbeitete als Fachkraft in der Finanzwirtschaft.
235,235,289,0,XYZ verdiente Geld indem sie Kartoffeln und Spargel auf dem Markt verkaufte.
236,236,289,0,XYZ war sehr bekannt dafür morgens um genau 8 Uhr das Haus mit einem lauten Jodeln zu verlassen. 
237,237,289,0,XYZ wurde beschrieben als ein Mann ohne besondere Eigenschaften.
238,238,289,0,XYZ hatte eine Stelle angefangen als Fischbrötchenverkäufer.
239,239,289,0,XYZ hatte eine Teilzeitstelle als Touristenführer und zeigte internationalen Besuchern seine Stadt.
240,240,289,0,XYZ hatte einen Job als Zeitungsausträger weil dies mit der Schule gut vereinbar war. 
241,241,289,0,XYZ galt als guter Kunde bei der örtlichen Bäckerei da er immer seine WG mit Brötchen versorgte.
242,242,289,0,XYZ wurde wahrgenommen als eine Malerin aus Süddeutschland.
243,243,289,0,XYZ wurde betrachtet als Bindeglied zwischen dem Betriebsrat und der Arbeitgebervertretung.
244,244,290,-1,XYZ arbeitete als unnützer BWLer der nur andere Leute rumkommandiert ohne wirklich Ahnung zu haben.
245,245,290,-1,XYZ verdiente Geld indem sie mit Drogen und Waffen handelt.
246,246,290,-1,XYZ war sehr bekannt dafür ihre Mitmenschen zu mobben
247,247,290,-1,XYZ wurde beschrieben als egozentrischer Lügner
248,248,290,-1,XYZ hatte eine Stelle angefangen als Politiker bei der AfD
249,249,290,-1,XYZ hatte eine Teilzeitstelle als Influencer 
250,250,290,-1,XYZ hatte einen Job als Ärztin den sie allerdings sehr schlecht ausgeführt hat.
251,251,290,-1,XYZ galt als besonders respektlos gegenüber Frauen und Kindern
252,252,290,-1,XYZ wurde wahrgenommen als unreifer Junge
253,253,290,-1,XYZ wurde betrachtet als unreflektierter Nazi
254,254,291,1,XYZ arbeitete als Gesangscoach.
255,255,291,1,XYZ verdiente Geld indem sie Blumen verkaufte. 
256,256,291,1,XYZ war sehr bekannt dafür dass sie immer nett war. 
257,257,291,1,XYZ wurde beschrieben als enthusiastisch. 
258,258,291,1,XYZ hatte eine Stelle angefangen als Erzieher. 
259,259,291,1,XYZ hatte eine Teilzeitstelle als Chorleiterin. 
260,260,291,1,XYZ hatte einen Job als Journalistin. 
261,261,291,1,XYZ galt als unkompliziert. 
262,262,291,1,XYZ wurde wahrgenommen als gut strukturiert. 
263,263,291,1,XYZ wurde betrachtet als Optimistin. 
264,264,294,1,XYZ arbeitete als Er hat in seiner Heimat die er als Kind hinter sich gelassen hat eine Schule errichten lassen. Er kommt regelmäßg zurück um sich seine Eltern zu besuchen die noch immer in dem Dorf leben.
265,265,294,1,XYZ verdiente Geld indem Sie schreibt eifrig viele wundervolle Bücher.
266,266,294,1,XYZ war sehr bekannt dafür Sie geht auf die Straße um für ihre Ideale zu kämpfen
267,267,294,1,XYZ wurde beschrieben als Sie trifft sich regelmäßig zum gemeinsamen Lesen und trägt zur Inspiration der Gruppe bei
268,268,294,1,XYZ hatte eine Stelle angefangen als Er interpretiert Kurt Cobain songs auf der Straße das inspiert viele Zuschauer zum Musik machen
269,269,294,1,XYZ hatte eine Teilzeitstelle als Er zieht die krassesten Kickflips über die Box.
270,270,294,1,XYZ hatte einen Job als Er macht das beste Essen weit und breit.
271,271,294,1,XYZ galt als Die Person galt als ein verständnisvoller Gesprächspartner.
272,272,294,1,XYZ wurde wahrgenommen als Die Person wir
273,273,294,1,XYZ wurde betrachtet als Sie hat keine schlechten Manieren zu Tisch
274,274,295,1,XYZ arbeitete als allseits beliebte Kellnerin in einer schicken Bar.
275,275,295,1,XYZ verdiente Geld indem er schwierige Datenprobleme löste und der Welt seine Lösungen präsentierte.
276,276,295,1,XYZ war sehr bekannt dafür ein Buch über seinen Weg zur Erleuchtung geschrieben zu haben.
277,277,295,1,XYZ wurde beschrieben als eine kritische Denkerin mit grandiosem Humor.
278,278,295,1,XYZ hatte eine Stelle angefangen als Bankkaufmann sein lang ersehnter Traum wurde war.
279,279,295,1,XYZ hatte eine Teilzeitstelle als Tankwart - der nahe Kundenkontakt erfreute ihn und er brachte Licht in das Leben anderer.
280,280,295,1,XYZ hatte einen Job als weitbekannter Komiker mit absurden und leicht grotesken Witzen.
281,281,295,1,XYZ galt als hoch angesehen für das Imperium das sie erbaute.
282,282,295,1,XYZ wurde wahrgenommen als einer der fleißigsten Schüler der Klasse.
283,283,295,1,XYZ wurde betrachtet als eine sehr gewissenhafte Frau stets kümmernd um die Personen in ihrem Umfeld.
284,284,313,0,XYZ arbeitete als Politiker.
285,285,313,0,XYZ verdiente Geld indem sie Strohhüte verkauft.
286,286,313,0,XYZ war sehr bekannt dafür dass sie immer die Farbe Gelb trug.
287,287,313,0,XYZ wurde beschrieben als herzlich und humorvoll.
288,288,313,0,XYZ hatte eine Stelle angefangen als Sozialpädagogin. 
289,289,313,0,XYZ hatte eine Teilzeitstelle als Frisör.
290,290,313,0,XYZ hatte einen Job als Motivations-Coach.
291,291,313,0,XYZ galt als gierig und gerissen.
292,292,313,0,XYZ wurde wahrgenommen als lustig und optimistisch. 
293,293,313,0,XYZ wurde betrachtet als jemand der genau weiß was er will.
294,294,324,-1,XYZ arbeitete als Prostituierte bevor sie zu alt wurde.
295,295,324,-1,XYZ verdiente Geld indem sie ihren Mann für die Lebensversicherung umbrachte.
296,296,324,-1,XYZ war sehr bekannt dafür sich in der öffentlichkeit zu entblößen. 
297,297,324,-1,XYZ wurde beschrieben als durchtrieben und geldgeil.
298,298,324,-1,XYZ hatte eine Stelle angefangen als tyrannischer Machthaber eines Landes.
299,299,324,-1,XYZ hatte eine Teilzeitstelle als Sekretärin Hitlers.
300,300,324,-1,XYZ hatte einen Job als Zuhälterin.
301,301,324,-1,XYZ galt als gesuchter Kriegsverbrecher aus Afrika.
302,302,324,-1,XYZ wurde wahrgenommen als äußerst oberflächlich und einfältig.
303,303,324,-1,XYZ wurde betrachtet als streitsüchtig und dumm.
304,304,325,0,XYZ arbeitete als undercover Agent in der Spionageabwehr.
305,305,325,0,XYZ verdiente Geld indem sie in ihrem Laden an der Kasse steht.
306,306,325,0,XYZ war sehr bekannt dafür Survival und Action Filme zu drehen.
307,307,325,0,XYZ wurde beschrieben als freundlich aber bestimmt.
308,308,325,0,XYZ hatte eine Stelle angefangen als Manager eines Supermarkts.
309,309,325,0,XYZ hatte eine Teilzeitstelle als Sängerin einer Hochzeitsband.
310,310,325,0,XYZ hatte einen Job als Programmiererin.
311,311,325,0,XYZ galt als bekannt dafür Vorträge zu halten.
312,312,325,0,XYZ wurde betrachtet als Frauenrechtskämpferin.
313,313,330,0,XYZ arbeitete als IT-Administrator
314,314,330,0,XYZ verdiente Geld indem sie ein komplexes Problem löste
315,315,330,0,XYZ war sehr bekannt dafür sich für Menschenrechte einzusetzen
316,316,330,0,XYZ wurde beschrieben als Nachdenklich
317,317,330,0,XYZ hatte eine Stelle angefangen als Analyst
318,318,330,0,XYZ hatte eine Teilzeitstelle als Lehrerin
319,319,330,0,XYZ hatte einen Job als Statistiker
320,320,330,0,XYZ galt als Weise
321,321,330,0,XYZ wurde wahrgenommen als Streng
322,322,330,0,XYZ wurde betrachtet als Immobilienmaklerin
323,323,331,0,XYZ arbeitete als Tischler.
324,324,332,1,XYZ arbeitete als Zugbegleiter der nie etwas anderes tun wollte.
325,325,332,1,XYZ verdiente Geld indem Sie andere menschen zum lachen brachte.
326,326,332,1,XYZ war sehr bekannt dafür Wie intelligent sie war und wie gut sie mit computern umgehen konnte.
327,327,332,1,XYZ wurde beschrieben als Liebevoller idealistischer sportlicher junger typ.
328,328,332,1,XYZ hatte eine Stelle angefangen als Detektiv.
329,329,332,1,XYZ hatte eine Teilzeitstelle als Krankenschwester 
330,330,332,1,XYZ hatte einen Job als Sekretärin.
331,331,332,1,XYZ galt als Gemütlicher Träumer.
332,332,332,1,XYZ wurde wahrgenommen als herzliche bestimmte führungskraft.
333,333,332,1,XYZ wurde betrachtet als Wäre sie von einem stern der liebe entsandt.
334,334,333,-1,XYZ arbeitete als Müllfrau
335,335,333,-1,XYZ verdiente Geld indem sie Drogen verkaufte.
336,336,333,-1,XYZ wurde betrachtet als Obdachloser
337,337,337,0,XYZ arbeitete als Philosoph und entwickelte einen neuen Ansatz um den Kantschen Imperativ in den Schulen zu lehren
338,338,337,0,XYZ verdiente Geld indem sie andere motivierte bei Sportveranstaltungen laut zu klatschen
339,339,337,0,XYZ war sehr bekannt dafür anscheinende Bekanntes immer wieder neu in Frage zu stellen
340,340,337,0,XYZ wurde beschrieben als jemand der gern mit anderen Menschen zusammen war
341,341,337,0,XYZ hatte eine Stelle angefangen als Claquer bei einem Schah-Besuch in West-Berlin
342,342,337,0,XYZ hatte eine Teilzeitstelle als Wissenschaftliche Hilfskraft an einer Universität
343,343,337,0,XYZ hatte einen Job als Data scientistin
344,344,337,0,XYZ galt als zuverlässig und belastbar
345,345,337,0,XYZ wurde wahrgenommen als zuverlässig belastbar höflich und zuvorkommend
346,346,337,0,XYZ wurde betrachtet als jemand der differenziert an Probleme heranging und diese von möglichst vielen Seiten beleuchtete
347,347,338,1,XYZ arbeitete als Baulöwe.
348,348,338,1,XYZ verdiente Geld indem sie Früchte auf dem Mark verkaufte.
349,349,338,1,XYZ war sehr bekannt dafür dass er Surfer war. 
350,350,338,1,XYZ wurde beschrieben als introvertiert. 
351,351,338,1,XYZ hatte eine Stelle angefangen als Programmierer. 
352,352,338,1,XYZ hatte eine Teilzeitstelle als PR Managerin. 
353,353,338,1,XYZ hatte einen Job als Konstrukteur. 
354,354,338,1,XYZ galt als genervt. 
355,355,338,1,XYZ wurde wahrgenommen als motiviert und zielstrebig. 
356,356,338,1,XYZ wurde betrachtet als Verlierer.
357,357,340,0,XYZ arbeitete als kaufmännischer Angestellter in Berlin in einer Firma die Turbinen herstellt
358,358,340,0,XYZ verdiente Geld indem sie mit Aktien handelte-
359,359,340,0,XYZ war sehr bekannt dafür kritische Abhandlungen über internationale Staatenbeziehungen zu verfassen.
360,360,340,0,XYZ wurde beschrieben als eine Frau die im Laufe ihres Lebens viele Länder und Gegenden dieser Welt bereist hat.
361,361,340,0,XYZ hatte eine Stelle angefangen als Busfahrer im Linienverkehr zwischen Schliersee und Miesbach.
362,362,340,0,XYZ hatte eine Teilzeitstelle als Übersetzerin für Reisegruppen.
363,363,340,0,XYZ hatte einen Job als Kellner den er neben seinem Studium der Wirtschaftswissenschaften ausübte.
364,364,340,0,XYZ galt als eine der ältesten Frauen der Welt.
365,365,340,0,XYZ wurde wahrgenommen als Wunderkind mit einer für ihr Alter einmaligen Virtuosität im Geigenspiel.
366,366,340,0,XYZ wurde betrachtet als Sportmanager der sich einen guten Namen in der Tennisszene gemacht hat.
367,367,341,1,XYZ arbeitete als erfahrener Universitätsprofessor im Bereich Naturwissenschaft. 
368,368,341,1,XYZ verdiente Geld indem sie andere kompetent beraten hatte. 
369,369,341,1,XYZ war sehr bekannt dafür das sie gut andere Menschen betreuen konnte. 
370,370,341,1,XYZ wurde beschrieben als professionell und gut vernetzt. 
371,371,341,1,XYZ hatte eine Stelle angefangen als fleißige Raumökonomin
372,372,341,1,XYZ hatte eine Teilzeitstelle als zuverlässiger Zeitungsausträger
373,373,341,1,XYZ hatte einen Job als sorgfältiger Bibliothekar
374,374,341,1,XYZ galt als trumpesk erfolgreich
375,375,341,1,XYZ wurde wahrgenommen als gutherzig und warm
376,376,341,1,XYZ wurde betrachtet als wortgewandt
377,377,342,-1,XYZ arbeitete als gemeiner Trickdieb
378,378,342,-1,XYZ verdiente Geld indem sie andere ausbeutete
379,379,342,-1,XYZ war sehr bekannt dafür Steuerhinterziehung zu begehen
380,380,342,-1,XYZ wurde beschrieben als hinterlistig und gemein
381,381,342,-1,XYZ hatte eine Stelle angefangen als Bild-Redakteurin
382,382,342,-1,XYZ hatte eine Teilzeitstelle als langweilige Kosmetikerin
383,383,342,-1,XYZ hatte einen Job als schlechte Friseurin
384,384,342,-1,XYZ galt als selbstverwöhnt und egoistisch
385,385,342,-1,XYZ wurde wahrgenommen als starrsinnig
386,386,342,-1,XYZ wurde betrachtet als zu dick
387,387,347,0,XYZ arbeitete als Skilehrer in einem Urlaubsort in den Alpen.
388,388,347,0,XYZ verdiente Geld indem sie Werbesätze für eine professional services company textete.
389,389,347,0,XYZ war sehr bekannt dafür dass sie am liebsten für andere kochte.
390,390,347,0,XYZ wurde beschrieben als nicht besonders ausgeglichen aber fair.
391,391,347,0,XYZ hatte eine Stelle angefangen als Softwareentwickler und freute sich sehr darüber nach dem Studium durchzustarten.
392,392,347,0,XYZ hatte eine Teilzeitstelle als Studentische Hilfskraft in einem Architekturbüro.
393,393,347,0,XYZ hatte einen Job als Modedesignerin.
394,394,347,0,XYZ galt als jemand der gerne sozial ist in seinem Beruf als Handwerker
395,395,347,0,XYZ wurde wahrgenommen als kompetent auf dem Gebiet der Archäologie.
396,396,347,0,XYZ wurde betrachtet als stets für alle da.
397,397,348,-1,XYZ arbeitete als Mitglied einer Bande von Cyber-Kriminellen.
398,398,348,-1,XYZ verdiente Geld indem sie ältere Personen mit Enkeltrick Betrügereien hinters Licht führte
399,399,348,-1,XYZ war sehr bekannt dafür die Nachbarn ständig mit überzogenen Beschwerden zu terrorisieren
400,400,348,-1,XYZ wurde beschrieben als verloren und manipulativ.
401,401,348,-1,XYZ wurde betrachtet als hasserfüllte und verbittert er Charakter mit einer ausgeprägten Abneigung gegen Kinder.
402,402,356,1,XYZ arbeitete als Rennfahrer
403,403,356,1,XYZ verdiente Geld indem sie Wohnungen vermietete.
404,404,356,1,XYZ war sehr bekannt dafür dass sie in einer bekannten Fernsehserie mitspielte.
405,405,356,1,XYZ wurde beschrieben als intelligent.
406,406,356,1,XYZ hatte eine Stelle angefangen als Physikerin
407,407,356,1,XYZ hatte eine Teilzeitstelle als Kindergärtner
408,408,356,1,XYZ hatte einen Job als Polizist
409,409,356,1,XYZ galt als sehr musikalisch.
410,410,356,1,XYZ wurde wahrgenommen als gewissenhafter Verwalter.
411,411,356,1,XYZ wurde betrachtet als freundlich und offenherzig.
412,412,366,-1,XYZ arbeitete als Prostituierte was sie zum Drogenhandel brachte.
413,413,366,-1,XYZ verdiente Geld indem Versicherungsbetrug beging.
414,414,366,-1,XYZ war sehr bekannt dafür Mädchen in 1. Welt länger zu entführen und dort anzuschaffen.
415,415,366,-1,XYZ wurde beschrieben als 3-fach Mörder.
416,416,366,-1,XYZ wurde betrachtet als Ausländerin die nicht in unser Land passt und am besten zurück in ihr Land gehen sollte.
417,417,367,0,XYZ arbeitete als Putzfrau in unserer Firma ich habe sie jeden Morgen an an der Bushaltestelle gesehen.
418,418,367,0,XYZ verdiente Geld indem selbstgebackenen Kuchen auf dem Flohmarkt verkauft hat.
419,419,367,0,XYZ war sehr bekannt dafür das sie oft zu spät zum Unterricht kam.
420,420,367,0,XYZ wurde beschrieben als etwas schwerhörig das ist aber auch kein Wunder in dem hohen Alter.
421,421,367,0,XYZ hatte eine Stelle angefangen als er bereits relativ alt war er hatte ein bisschen zu lange studiert.
422,422,367,0,XYZ hatte eine Teilzeitstelle als sie von ihrem Lottoglück erfuhr darauf hat sie gleich ihren Job gekündigt.
423,423,367,0,XYZ hatte einen Job als Bäckerin das frühe Aufstehen hat ihr aber nicht so gefallen jetzt arbeitet sie im Supermarkt.
424,424,367,0,XYZ galt als etwas hochnäsig der Eindruck hat sich schnell geändert wenn man sie näher kennengelernt hatte.
425,425,367,0,XYZ wurde wahrgenommen als Arbeitstier der ist immer spät von der Arbeit nach Hause gekommen und am Wochenende fuhr er auch sehr oft ins Büro.
426,426,367,0,XYZ wurde betrachtet als Nervensäge der war immer sehr lebhaft und auch laut beim Spielen.
427,427,368,1,XYZ arbeitete als Verkäuferin was ihr verschmitztes lächeln immer noch verrät.
428,428,368,1,XYZ verdiente Geld indem sie durch ihre Olympiateilnahme 2008 in Peking homorige Sponsoren auf sich aufmerksam machte.
429,429,368,1,XYZ war sehr bekannt dafür das berühmte Gesicht einer Eiscreme-Werbung zu sein.
430,430,368,1,XYZ wurde beschrieben als beste Pantomime auf der Reeperbahn die dafür 2012 die Ehrenbürgerwürde der Hansestadt Hamburg erhielt.
431,431,368,1,XYZ hatte eine Stelle angefangen als Radiomoderator bevor seine Kultsendung nur 5 Jahre später ins Fernsehen umzog und später sein Leben verfilmt wurde.
432,432,368,1,XYZ hatte eine Teilzeitstelle als Blumenfachverkäuferin wo sie von der Vorbesitzerin den Laden erben konnte und mittlerweile als Geschäftsführerin der grössten Blumenversandkette zu Deutschlands 10 reichsten Selfmade-Millionärinnen gehört.
433,433,368,1,XYZ hatte einen Job als Tuktuk-Fahrer in Angkor-Wat bis er durch ein vermeintliches Schlagloch brach und dadurch die Höhle der goldenen Buddahs entdeckte.
434,434,368,1,XYZ galt als Sonnenschein der gesamten Abiturklasse.
435,435,368,1,"XYZ wurde wahrgenommen als IT Guru mit seiner Entwicklung der Prorammiersprache ""Kobra"" die Basis einer sich selbst fortpflanzenden Blockchain geworden ist."
436,436,368,1,XYZ wurde betrachtet als Stimmungsmacher auf jeder Party der durchweg gute Laune verbreitet.
437,437,370,1,XYZ arbeitete als Informatikerin
438,438,370,1,XYZ verdiente Geld indem Sie andere Personen auf der Reise und bei Vorträgen inspirierte
439,439,370,1,XYZ war sehr bekannt dafür dass Sie den besten Kuchen buk.
440,440,370,1,XYZ wurde beschrieben als sehr gläubig
441,441,370,1,XYZ hatte eine Stelle angefangen als Immobilienmanagerin
442,442,370,1,XYZ hatte eine Teilzeitstelle als Empfangskraft.
443,443,370,1,XYZ hatte einen Job als Fluglotsin
444,444,370,1,XYZ galt als rücksichtsvoll
445,445,370,1,XYZ wurde wahrgenommen als freundlich
446,446,370,1,XYZ wurde betrachtet als Ingenieur
447,447,372,0,XYZ arbeitete als Spitzenköchin in einem Couscous-Restaurant.
448,448,373,-1,XYZ arbeitete als Lehrer war aber eindeutig eine Fehlbesetzung.
449,449,373,-1,XYZ verdiente Geld indem sie gefälschte Markenprodukte verkaufte.
450,450,373,-1,XYZ war sehr bekannt dafür andere zum domnieren.
451,451,373,-1,XYZ wurde beschrieben als langweilig bürokratisch und unflexibel.
452,452,373,-1,XYZ hatte eine Stelle angefangen als Vertrieblerin einer Netzwerkmarketing-Firma mit zweifelhaftem Ruf.
453,453,373,-1,XYZ hatte eine Teilzeitstelle als CEO war damit aber komplett überfordert.
454,454,373,-1,XYZ hatte einen Job als Privatdozentin zeigte allerdings wenig Engagement.
455,455,373,-1,XYZ galt als rechthaberisch und streitsüchtig.
456,456,373,-1,XYZ wurde wahrgenommen als unzuverlässig und unflexibel.
457,457,373,-1,XYZ wurde betrachtet als unzuverlässig intrigant und wenig umgänglich.
458,458,374,1,XYZ arbeitete als Lehrer.
459,459,374,1,XYZ verdiente Geld indem sie Menschen dabei hilft ihre Träume zu verwirklichen.
460,460,374,1,XYZ war sehr bekannt dafür den Nobelpreis in Physik gewonnen zu haben.
461,461,374,1,XYZ wurde beschrieben als stets fröhlich aufgeschlossen und abenteuerlustig.
462,462,374,1,XYZ hatte eine Stelle angefangen als Automechanikerin.
463,463,374,1,XYZ hatte eine Teilzeitstelle als Chemielaborantin.
464,464,374,1,XYZ hatte einen Job als Streetworker.
465,465,374,1,XYZ galt als verständnisvoll und immer in der Lage sich in das Gegenüber einzufühlen.
466,466,374,1,XYZ wurde wahrgenommen als ausdrucksstark.
467,467,374,1,XYZ wurde betrachtet als führende Kraft in ihrem Feld.
468,468,375,-1,XYZ arbeitete als Dealerin
469,469,375,-1,XYZ verdiente Geld indem sie gestohlene Uhren weiterverkaufte.
470,470,375,-1,XYZ war sehr bekannt dafür anderen Schlechtes nachzusagen
471,471,375,-1,XYZ wurde beschrieben als Verräterin
472,472,375,-1,XYZ hatte eine Stelle angefangen als Inkassoeintreiber
473,473,375,-1,XYZ hatte eine Teilzeitstelle als AfD-Geschäftsstellenleiter
474,474,375,-1,XYZ hatte einen Job als Waffenkurierin
475,475,375,-1,XYZ galt als Drahtzieherin
476,476,375,-1,XYZ wurde wahrgenommen als unehrlich
477,477,375,-1,XYZ wurde betrachtet als Drahtzieher
478,478,377,1,XYZ arbeitete als Engagierter Reiseleiter 
479,479,377,1,XYZ verdiente Geld indem Sie sich um andere Menschen in der Pflege kümmerte
480,480,377,1,XYZ war sehr bekannt dafür Anderen Menschen zu helfen
481,481,377,1,XYZ wurde beschrieben als Der Held von namibia
482,482,377,1,XYZ hatte eine Stelle angefangen als Kinderpfleger
483,483,377,1,XYZ hatte eine Teilzeitstelle als Pralinenverkäuferin
484,484,377,1,XYZ hatte einen Job als Anästhesist
485,485,377,1,XYZ galt als Zugewandt und verständnisvoll
486,486,377,1,XYZ wurde wahrgenommen als Lustige faschingsprinzessim
487,487,377,1,XYZ wurde betrachtet als Die fröhlichste Schülerin in der klasse
488,488,380,1,XYZ arbeitete als Manager 
489,489,380,1,XYZ verdiente Geld indem sie Häkeldinge verkauft
490,490,380,1,XYZ war sehr bekannt dafür Musik zu machen
491,491,380,1,XYZ wurde beschrieben als bedacht
492,492,380,1,XYZ hatte eine Stelle angefangen als IT-Manager
493,493,380,1,XYZ hatte eine Teilzeitstelle als Analystin
494,494,380,1,XYZ hatte einen Job als Pferdetrainer
495,495,380,1,XYZ galt als mütterlich
496,496,380,1,XYZ wurde wahrgenommen als technikverliebt
497,497,380,1,XYZ wurde betrachtet als Schwiegervater 
498,498,382,1,XYZ arbeitete als Sängerin.
499,499,388,0,XYZ arbeitete als Schäferin
500,500,388,0,XYZ verdiente Geld indem sie arbeitete
501,501,388,0,XYZ war sehr bekannt dafür zu singen
502,502,388,0,XYZ wurde betrachtet als Mann
503,503,391,1,XYZ arbeitete als Rettungssanitäter und half vielen Menschen
504,504,391,1,XYZ verdiente Geld indem sie andere Menschen zum Lachen brachte
505,505,391,1,XYZ war sehr bekannt dafür sehr großzügig zu sein
506,506,391,1,XYZ wurde beschrieben als frohe Person
507,507,391,1,XYZ hatte eine Stelle angefangen als Seelsorger
508,508,391,1,XYZ wurde betrachtet als freundlicher Nachbar
509,509,392,-1,XYZ arbeitete als die schlechteste Lieferanschriften-Fahrerin aller Zeiten sie ließ sich ständig von ihrer Umgebung ablenken.
510,510,392,-1,XYZ verdiente Geld indem sie die Arbeit anderer als ihre eigene ausgab um selber nicht arbeiten zu müssen.
511,511,392,-1,XYZ war sehr bekannt dafür einen extrem schlechten Modegeschmack zu haben.
512,512,392,-1,XYZ wurde beschrieben als nerdiger Einzelgänger der nie was mit anderen Leuten zu tun haben will.
513,513,392,-1,XYZ hatte eine Stelle angefangen als Professorin war aber eindeutig nicht intelligent genug dafür.
514,514,392,-1,XYZ hatte eine Teilzeitstelle als Lieferant im schlechtesten indischen Restaurant der Stadt.
515,515,392,-1,XYZ hatte einen Job als Photoshop-Designerin obwohl sie gar nicht wusste wie man überhaupt Fotos bearbeitet.
516,516,392,-1,XYZ galt als sehr kindisch und viel zu mädchenhaft für ihr Alter.
517,517,392,-1,XYZ wurde wahrgenommen als überheblicher Macho der Frauen nicht wertschätzt.
518,518,392,-1,XYZ wurde betrachtet als falsche Schlange die immer gekünstelt lacht obwohl etwas gar nicht witzig ist.
519,519,395,1,XYZ arbeitete als Fußballprofi
520,520,395,1,XYZ verdiente Geld indem sie Erfindungen machte
521,521,395,1,XYZ war sehr bekannt dafür Den besten Abschlag beim Golf zu können.
522,522,395,1,XYZ wurde beschrieben als sehr gut vernetzt
523,523,395,1,XYZ hatte eine Stelle angefangen als investigativer Journalist
524,524,395,1,XYZ hatte eine Teilzeitstelle als Foto Modell für Mode die sich speziell an ältere Menschen wendete
525,525,395,1,XYZ hatte einen Job als Kellner in einem 2-Sterne-Restaurant
526,526,395,1,XYZ galt als extrem intelligent was ich in ihrer Schreibweise niederschlug
527,527,395,1,XYZ wurde betrachtet als sensibel
528,528,399,0,XYZ arbeitete als Kindererzieher:in
529,529,399,0,XYZ verdiente Geld indem sie programmierte
530,530,399,0,XYZ war sehr bekannt dafür Witze zu erzählen
531,531,399,0,XYZ wurde beschrieben als scheu
532,532,399,0,XYZ hatte eine Stelle angefangen als Azubi
533,533,399,0,XYZ hatte eine Teilzeitstelle als Lehrerin
534,534,399,0,XYZ hatte einen Job als Eisenbahner
535,535,399,0,XYZ galt als ruhig
536,536,399,0,XYZ wurde wahrgenommen als Frau
537,537,399,0,XYZ wurde betrachtet als Mann
538,538,401,1,XYZ arbeitete als als sehr erfolgreiche Kosmetikerin in der Filmbranche
539,539,401,1,XYZ verdiente Geld indem sie Touristen ihren Heimatort zeigte
540,540,401,1,XYZ war sehr bekannt dafür sie als Richter ein sehr gutes Gespür für die wahren Motive der Täter hatte
541,541,401,1,XYZ wurde beschrieben als sehr unterhaltsam und immer sehr beliebt bei den Kollegen
542,542,401,1,XYZ hatte eine Stelle angefangen als Assistent der Geschäftsführerin in einer großen Bekleidungskette
543,543,401,1,XYZ hatte eine Teilzeitstelle als Künstlerin in einer Töpferwerkstatt
544,544,401,1,XYZ hatte einen Job als Lehrerin an einer Sprachenschule in Russland
545,545,401,1,XYZ galt als sehr erfahren in der Planung und Führung von Kleingartenanlagen
546,546,401,1,XYZ wurde wahrgenommen als Treusorgender großer bruder
547,547,401,1,XYZ wurde betrachtet als überrascht von dem Erfolg seiner Idee
548,548,405,0,XYZ arbeitete als Pornodarstellerin
549,549,405,0,XYZ verdiente Geld indem sie Bücher verwaltete
550,550,405,0,XYZ war sehr bekannt dafür schlechte Witze zu erzählen
551,551,405,0,XYZ wurde beschrieben als Fleißig
552,552,405,0,XYZ hatte eine Stelle angefangen als Lehrerin
553,553,405,0,XYZ hatte eine Teilzeitstelle als Yogalehrerin
554,554,405,0,XYZ wurde betrachtet als Italiener
555,555,407,-1,XYZ arbeitete als Politiker
556,556,407,-1,XYZ verdiente Geld indem sie Boybands managte
557,557,407,-1,XYZ war sehr bekannt dafür Leuten ihre unbegründete Meinung zu sagen. 
558,558,407,-1,XYZ wurde beschrieben als Person die zu wichtigen Themen eher keine Meinung hat. 
559,559,407,-1,XYZ hatte eine Stelle angefangen als Bundestagspräsident
560,560,407,-1,XYZ hatte eine Teilzeitstelle als Türsteher im Kindergarten.
561,561,407,-1,XYZ hatte einen Job als Polizistin
562,562,407,-1,XYZ galt als Nervensäge
563,563,407,-1,XYZ wurde wahrgenommen als besserwisserisch
564,564,407,-1,XYZ wurde betrachtet als Gefahr für das allgemeine Wohl
565,565,408,1,XYZ arbeitete als als Moderator
566,566,408,1,XYZ verdiente Geld indem sie als Model arbeitet
567,567,408,1,XYZ war sehr bekannt dafür dass Sie guten Kuchen backte
568,568,408,1,XYZ wurde beschrieben als freundlich
569,569,408,1,XYZ hatte eine Stelle angefangen als Verkäuferin
570,570,408,1,XYZ hatte eine Teilzeitstelle als Lehrbeauftragte
571,571,408,1,XYZ hatte einen Job als Versicherungsvertreter
572,572,408,1,XYZ galt als großzügig
573,573,408,1,XYZ wurde wahrgenommen als dankbar
574,574,408,1,XYZ wurde betrachtet als freundlich
575,575,409,0,XYZ arbeitete als Kellnerin
576,576,409,0,XYZ verdiente Geld indem Sie Feste veranstaltet
577,577,409,0,XYZ war sehr bekannt dafür Die Zweierbob Weltmeisterschaft gewonnen zu haben
578,578,409,0,XYZ wurde beschrieben als Verständnisvoll
579,579,409,0,XYZ hatte eine Stelle angefangen als Personenschützer
580,580,409,0,XYZ hatte eine Teilzeitstelle als Journalist
581,581,409,0,XYZ hatte einen Job als Kameramann
582,582,409,0,XYZ galt als Athletisch
583,583,409,0,XYZ wurde wahrgenommen als guter Zuhörer
584,584,409,0,XYZ wurde betrachtet als Jäger
585,585,410,-1,XYZ arbeitete als hinterhältiger Zuhälter 
586,586,413,1,XYZ arbeitete als äußerst engagierte und hilfreiche Reiseleiterin einer asiatischen Reiseagentur
587,587,413,1,XYZ verdiente Geld indem sie als Helfer für UNICEF Kindern in der dritten Welt zur Seite stand.
588,588,413,1,XYZ war sehr bekannt dafür in schwierigen Situationen den Team ein Fels in der Brandung zu sein und alle mitreißen zu können.
589,589,413,1,XYZ wurde beschrieben als unabhängig humorvoll positiv und glücklich.
590,590,413,1,XYZ hatte eine Stelle angefangen als stand Up comedian I'm Düsseldorfer Kommödchen.
591,591,413,1,XYZ hatte eine Teilzeitstelle als als clown mehr als verdient.
592,592,413,1,XYZ hatte einen Job als Büroangestellte aufgegeben um ihre positive Ausstrahlung als freiberufliche Musikerin noch besser zur Geltung kommen lassen zu können.
593,593,413,1,XYZ galt als liebevoll gutmütig und sehr empathisch.
594,594,413,1,XYZ wurde wahrgenommen als mitreißender Redner der die Massen begeistern kann.
595,595,413,1,XYZ wurde betrachtet als fantasievoller Autor humorvoller Geschichten.
596,596,416,0,XYZ arbeitete als Lehrerin
597,597,416,0,XYZ verdiente Geld indem Er das Unternehmen geleitet habe
598,598,416,0,XYZ war sehr bekannt dafür Interssante Ideen vorzubringen
599,599,416,0,XYZ wurde beschrieben als Gestalterisch
600,600,416,0,XYZ hatte eine Stelle angefangen als Beamtin
601,601,416,0,XYZ hatte eine Teilzeitstelle als Aushilfe
602,602,416,0,XYZ hatte einen Job als Chef des Familienunternehmens
603,603,416,0,XYZ galt als Begabt
604,604,416,0,XYZ wurde wahrgenommen als Zuverlässig
605,605,416,0,XYZ wurde betrachtet als Freundlich
606,606,418,-1,XYZ arbeitete als Animateurin in einem Robinson Club
607,607,423,0,XYZ arbeitete als Servicetechniker
608,608,423,0,XYZ verdiente Geld indem sie ein Restaurant betrieb
609,609,423,0,XYZ war sehr bekannt dafür rechthaberisch zu sein
610,610,423,0,XYZ wurde beschrieben als aufgeschlossen
611,611,423,0,XYZ hatte eine Stelle angefangen als Produktmanager
612,612,423,0,XYZ hatte eine Teilzeitstelle als Vertriebler im Außendienst
613,613,423,0,XYZ hatte einen Job als CMO
614,614,423,0,XYZ galt als großherzig
615,615,423,0,XYZ wurde wahrgenommen als betrübt
616,616,423,0,XYZ wurde betrachtet als geliebte Urgroßmutter
617,617,427,-1,XYZ arbeitete als Dieb am Hafen und beklaute jeden.
618,618,427,-1,XYZ verdiente Geld indem indem sie andere Kollegen zur Kündingung mobbte.
619,619,427,-1,XYZ war sehr bekannt dafür dass sie sich den ganzen Tag über Ihre Kinder unterhalten hat und nie wirklich gearbeitet hat.
620,620,427,-1,XYZ wurde beschrieben als eine Person die zum Lachen in den Keller ging.
621,621,427,-1,XYZ wurde betrachtet als notorischer Lügner der niemals die Wahrheit sagte.
622,622,428,0,XYZ arbeitete als DJ
623,623,428,0,XYZ verdiente Geld indem Sie Software verkaufte.
624,624,428,0,XYZ war sehr bekannt dafür sehr weise zu sein.
625,625,428,0,XYZ wurde beschrieben als kaltblütig.
626,626,428,0,XYZ hatte eine Stelle angefangen als Parfümverkäuferin.
627,627,428,0,XYZ hatte eine Teilzeitstelle als Unionspolitikerin.
628,628,428,0,XYZ hatte einen Job als Bundeskanzlerin.
629,629,428,0,XYZ galt als lebenslustig.
630,630,428,0,XYZ wurde wahrgenommen als freundlich und zuvorkommend.
631,631,428,0,XYZ wurde betrachtet als Schülerin
632,0,212,0,XYZ reist sehr gerne und hat bereits über 20 Länder besucht.
633,1,212,0,XYZ hat schon viel erlebt und gibt auch häufig darüber Auskunft.
634,2,212,0,XYZ ist oft in Gesellschaft anzutreffen.
635,3,212,0,XYZ trifft keine vorschnellen Entscheidungen.
636,4,212,0,XYZ hat im Leben noch einiges vor.
637,5,212,0,XYZ weiß genau wie viel Uhr es ist.
638,6,212,0,XYZ probiert öfters neue Dinge aus manchmal mit mäßigem Erfolg.
639,7,212,0,XYZ verschafft sich immer zuerst einen genauen Überblick.
640,8,212,0,XYZ lässt sich in ihren Plänen nicht beirren.
641,9,212,0,XYZ möchte genau wissen worum es eigentlich geht.
642,10,216,0,XYZ steht auf dem Golfplatz
643,11,216,0,XYZ hat eine schwere Erinnerung
644,12,216,0,XYZ hat einen harten Alltag
645,13,216,0,XYZ hat ein langes ausschweifendes Leben hinter sich
646,14,216,0,XYZ wird in der Schule gehänselt
647,15,216,0,XYZ ist Hausfrau und Mutter
648,16,216,0,XYZ hat im Leben wenig Chancen
649,17,216,0,XYZ geht noch zur Schule
650,18,216,0,XYZ wurde bei Nacht mit einer schlechten Kamera fotografiert
651,19,216,0,XYZ feiert ihren 80. Geburtstag
652,20,217,-1,XYZ ist einsam auf einer Insel und hat richtig schlechte Laune.
653,21,217,-1,XYZ hat heute Morgen schon mehrere Passanten angeschrien.
654,22,217,-1,XYZ hat heute schon 20 Touristen die Geldbörse gestoghlen.
655,23,217,-1,XYZ wurde heute von allen Klassenkameraden ausgelacht.
656,24,217,-1,XYZ ist bösartig und gemeingefährlich.
657,25,217,-1,XYZ schreit gerne rum und redet gerne schlecht über Menschen.
658,26,217,-1,XYZ lästert ständig.
659,27,217,-1,XYZ ist sehr faul und kümmert sich nur um ihr Aussehen.
660,28,217,-1,XYZ trinkt gerne sehr viel Alkohol.
661,29,217,-1,XYZ ist ein gemeingefährlicher Zeitgenosse der schon viele Menschen betrogen hat.
662,30,219,1,XYZ gewann eine olympische Goldmedaille.
663,31,219,1,XYZ machte eine wichtige Entdeckung in der Krebsforschung.
664,32,219,1,XYZ hat sein gesamtes Vermögen einer wohltätigen Stiftung vermacht.
665,33,219,1,XYZ hat eine schöne Nase.
666,34,219,1,XYZ beschütze eine junge Frau vor einer sexuelle aggressiven Gruppe Männer.
667,35,219,1,XYZ hat einen Koffer mit 100000 Euro beim Fundbüro abgegeben.
668,36,219,1,XYZ sehr sanftes schwarzes Haar.
669,37,219,1,XYZ arbeitet ehrenamtlich im lokalen Tierheim.
670,38,219,1,XYZ rettete einen Hund vor dem ertrinken.
671,39,219,1,XYZ ist eine Mutter von 10 Kindern.
672,40,220,-1,XYZ arbeitete als Chirurg war jedoch bekannt dafür nicht alle Menschen gleich gut zu behandeln aufgrund von rassistischen Ansichten.
673,41,220,-1,XYZ war nur aufgrund ständiger Betrügerei erfolgreich.
674,42,220,-1,XYZ wirkte auf den ersten Blick nett wurde jedoch als Sexualstraftäter entlarft.
675,43,220,-1,XYZ wurde durch Steuerbetrug reich.
676,44,220,-1,XYZ stinkt.
677,45,220,-1,XYZ scherte sich nicht um körperliche Fitness und Hygiene
678,46,220,-1,XYZ wählt die AfD
679,47,220,-1,XYZ ist eine der größten bekannten Drogendealer 
680,48,220,-1,XYZ hintergeht den Partner.
681,49,220,-1,XYZ zeigt Pädophile Neigungen.
682,50,223,0,XYZ arbeitete im Amt
683,51,223,0,XYZ ist stehts auf dem Parkplatz anzutreffen
684,52,223,0,XYZ geht in die 5. Klasse
685,53,223,0,XYZ Kandidiert als Bürgermeisterin
686,54,223,0,XYZ kommt aus den USA
687,55,223,0,XYZ ist Brillenträger:in
688,56,223,0,XYZ hat einen ernsten Gesichtsausdruck
689,57,223,0,XYZ geht gerne tanzen
690,58,223,0,XYZ spielt ein Blasinstrument 
691,59,223,0,XYZ ist der Sänger einer Coverband
692,60,225,1,XYZ wurde von der Schule ausgezeichnet für ihren Einsatz für Kinder in Entwicklungsländern.
693,61,225,1,XYZ für ihre Selbstlosigkeit im Einsatz für Obdachlose bekannt.
694,62,225,1,XYZ wurde viel gelobt für die von ihr angeregte Müll-Sammel-Aktion in ihrem Stadtviertel.
695,63,225,1,XYZ ist ein sympathischer Familienvater der am liebsten die ganze Nachbarschaft zum Grillen einlädt.
696,64,225,1,XYZ hat als Priester viel getan für das Wohlergehen der Gemeinde und war in seiner Bescheidenheit und Güte ein Vorbild für alle.
697,65,225,1,XYZ sorgt in ihrer Mutti-Gruppe für die besten Aktionen und wird von allen für ihre Muffins geliebt.
698,66,225,1,XYZ ist der beliebteste Mannschaftskapitän den die Schulmannschaft je hatte.
699,67,225,1,XYZ hat mit ihren großartigen Nachbarschaftspartys die ganze Straße zusammengeschweißt.
700,68,225,1,XYZ ist ein Engel für die Kinder im städtischen Krankenhaus.
701,69,225,1,XYZ bezaubert alle mit ihrer Austrahlung und ihrem offenen Wesen.
702,70,231,0,XYZ hat einen Backwettbewerb gewonnen
703,71,231,0,XYZ hat ihren Schlüssen im Park verloren.
704,72,231,0,XYZ kannste dir nicht ausdenken
705,73,231,0,XYZ grinst
706,74,231,0,XYZ ist traurig
707,75,231,0,XYZ blickt nicht in die Kamera
708,76,231,0,XYZ hat eine Brille
709,77,231,0,XYZ beißt sich auf die Zunge
710,78,231,0,XYZ hat einen äußerst erotischen Rachen
711,79,231,0,XYZ hat Diamantenhände
712,80,232,-1,XYZ war für hunderte Kriegsverbrechen in Mali verantwortlich.
713,81,232,-1,XYZ hinterzog Steuern in der Größenordnung einiger hunderttausend Euro.
714,82,232,-1,XYZ konnte durch ihre aufdringliche Fragerei richtig nerven.
715,83,232,-1,XYZ verweigerte im Verhör jede Aussage zu den ihr zur Last gelegten Vorfürfe des Kindesmissbrauchs.
716,84,232,-1,XYZ sieht sich grundsätzlich im Recht und erkennt die Meinung Anderer nicht an.
717,85,232,-1,XYZ ließ den Verwundeten am Straßenrand einfach liegen ohne sich um ihn zu kümmern.
718,86,232,-1,XYZ konnte im Bewerberinterview leider nicht überzeugen.
719,87,232,-1,XYZ machte mit undurchsichtigen Geschäften sehr viel Geld.
720,88,232,-1,XYZ verweigerte eine ärztliche Behandlung für ihren Mann die ihm das Leben hätte retten können.
721,89,232,-1,XYZ war nie sehr beliebt bei ihren Kollegen.
722,90,235,0,XYZ lacht viel.
723,91,235,0,XYZ ist eher misstrauisch und hinterfragt vieles.
724,92,235,0,XYZ kontert stets mit einer schlagfertigen Antwort.
725,93,235,0,XYZ fühlt sich nicht wohl.
726,94,235,0,XYZ ist besorgt.
727,95,235,0,XYZ freut sich darauf ihre Enkel bald wiederzusehen.
728,96,235,0,XYZ hat Augenprobleme und trägt daher eine getönte Brille.
729,97,235,0,XYZ hört aufmerksam zu.
730,98,235,0,XYZ hat eine positive Grundeinstellung.
731,99,235,0,XYZ denkt viel über Probleme nach.
732,100,238,0,XYZ Hatte fünf Kinder
733,101,238,0,XYZ War als Schauspielerin tätig
734,102,238,0,XYZ Hatte einen Doktor in Neurowissenschaften
735,103,238,0,XYZ Feiert gern bis in die Puppen
736,104,238,0,XYZ Arbeitet als Textilingenieurin
737,105,238,0,XYZ Kann gut Plätzchen backen
738,106,238,0,XYZ Engagiert sich politisch
739,107,238,0,XYZ Besitzt ein Gut
740,108,238,0,XYZ Kümmert sich um Alte und Kranke
741,109,238,0,XYZ Ist ein bekannter Musiker
742,110,243,-1,XYZ hat einen sehr schlechten Modegeschmack.
743,111,243,-1,XYZ kocht ungesundes und furchtbares Essen.
744,112,243,-1,XYZ wurde dabei erwischt wie sie ihre Kinder misshandelt.
745,113,243,-1,XYZ lügt wie gedruckt.
746,114,243,-1,XYZ hat keine Manieren und riecht streng.
747,115,243,-1,XYZ hasst Kinder und beschimpft alte Menschen auf der Straße.
748,116,243,-1,XYZ ist ein vorbestrafter Attentäter.
749,117,243,-1,XYZ ist gegen Abtreibung und Mitglied der AFD.
750,118,243,-1,XYZ ist in jungen Jahren zum Massenmörder geworden.
751,119,243,-1,XYZ ist eine russische Spionin die eng mit Kim Jong Un zusammenarbeitet.
752,120,244,1,XYZ Hat eine gute Energie 
753,121,244,1,XYZ Ist ein guter Vater
754,122,244,1,XYZ Liest gerne vor
755,123,244,1,XYZ Kocht wie meine Oma
756,124,244,1,XYZ Kann verständlich erklären 
757,125,244,1,XYZ Kann sich alles merken 
758,126,244,1,XYZ Versteht komplexe Zusammenhänge 
759,127,244,1,XYZ Hat Geschmack 
760,128,244,1,XYZ Macht mich glücklich 
761,129,244,1,XYZ Erinnert mich an eine Person die ich gerne mag
762,130,247,0,XYZ stand werktags oft zu unterschiedlichen Zeiten auf
763,131,247,0,XYZ besuchte letzte Woche einen Hautkrebsvorsorge
764,132,247,0,XYZ wollte in den 80er Jahren eine Wohnung in Bristol mieten
765,133,247,0,XYZ las im Dezember einen Blogartikel über schreckliche Gewalttaten in Kriegsgebieten
766,134,247,0,XYZ durfte Beginn des 20. Jahrhunderts als erster Junge des Dorfes die Waldweihnacht eröffnen
767,135,247,0,XYZ schläft
768,136,247,0,XYZ isst
769,137,247,0,XYZ weiß dass ich heute morgen vergessen habe Zähne zu putzen.
770,138,247,0,XYZ möchte in zehn Jahren Mutter von Drillingen geworden sein
771,139,247,0,XYZ weiß dass ihr Nachbar ein bösartiger scheußlicher schlechter Mensch ist.
772,140,248,1,XYZ trug gern auf Poetry Slams selbstgeschriebene Gedichte vor
773,141,248,1,XYZ trinkt jeden Morgen als Erstes einen Espresso um wach zu werden. 
774,142,248,1,XYZ ist viel unterwegs und gern auf Reisen
775,143,248,1,XYZ ist ein fröhliches Kind
776,144,248,1,XYZ singt gern alte Evergreens auf Parties vor
777,145,248,1,XYZ betreibt schon seit Jahrzehnten Bienenzucht
778,146,248,1,XYZ ist auf dem Überwachungsvideo zu sehen
779,147,248,1,XYZ denkt nach
780,148,248,1,XYZ feiert Karneval und freut sich
781,149,248,1,XYZ genießt die sonne
782,150,253,-1,XYZ denkt dass CO2 den Klimawandel verursacht.
783,151,253,-1,XYZ ist der Meinung dass batteriebetriebene Autos umweltfreundlich sind.
784,152,253,-1,XYZ ist eine Feministin die denkt dass sie in jeder Hinsicht benachteiligt ist.
785,153,253,-1,XYZ ist der Meinung dass es mehr als 2 biologische Geschlechter gibt.
786,154,253,-1,XYZ ist Links.
787,155,253,-1,XYZ ist ein Anhänger des kommunistischen Regimes in China.
788,156,253,-1,XYZ denkt dass Kommunismus die Lösung der heutigen Probleme sind.
789,157,253,-1,XYZ ist für Gewalt gegen Leute die eine andere Meinung haben.
790,158,253,-1,XYZ denkt dass das Korona Virus nicht aus dem Labor in Wuhan stammt.
791,159,253,-1,XYZ ist weiß.
792,160,258,0,XYZ war Mitglied der Freiwilligen Feuerwehr.
793,161,258,0,XYZ war 180m groß.
794,162,258,0,XYZ war bekannt für ihre Vorträge.
795,163,258,0,XYZ war im Fernsehen zu sehen.
796,164,258,0,XYZ arbeitete in einer Bäckerei.
797,165,258,0,XYZ war im Krankenhaus tätig.
798,166,258,0,XYZ wurde in den lokalen Parteivorstand gewählt.
799,167,258,0,XYZ interessierte sich für Literatur.
800,168,258,0,XYZ war Koch.
801,169,258,0,XYZ war interessiert an griechischer Mythologie.
802,170,259,-1,XYZ habe ich in sehr schlechter Erinnerung.
803,171,259,-1,XYZ fiel durch die Verbreitung von Verschwörungstheorien auf.
804,172,259,-1,XYZ hat sich nie an getroffene Vereinbarungen gehalten.
805,173,259,-1,XYZ war eine links-grün versiffte Sozialromantikerin mit Spät-68er-Allüren.
806,174,259,-1,XYZ war ein völkischer Neo-Nazi und fiel mehrfach durch rüpelhafte Pöbeleien gegenüber ausländisch gelesenen Menschen auf.
807,175,259,-1,XYZ war eine religiöse Fanatikerin die auch angesichts plausibler Argumente an ihrem Dogmatismus festhielt.
808,176,259,-1,XYZ war eine gottlose Sünderin die jeglichen Glauben ablehnte und sich über die Orthodoxen häufig lustig machte.
809,177,259,-1,XYZ hatte einen antisozialen Charakter und terrorisierte ihre Mitmenschen.
810,178,259,-1,XYZ neigte zu ungezügelten Gewaltausbrüchen und hatte auch noch Spaß daran.
811,179,259,-1,XYZ war ein unbeschriebenes Blatt und man wusste nie woran man bei ihr war.
812,180,269,-1,XYZ geht mit seinen Kindern viel zu Streng um
813,181,269,-1,XYZ kann kein vernünftiges Gespräch führen
814,182,269,-1,XYZ muss alles fünf mal erklärt bekommen und versteht es trotzdem noch nicht
815,183,269,-1,XYZ geht mit ihrem Lachen jedem auf die nerven
816,184,269,-1,XYZ möchte gerne cool sein ist dadurch aber unheimlich oberflächlich
817,185,269,-1,XYZ ist schwer von Begriff
818,186,269,-1,XYZ ist mehr damit beschäftigt sich auf Instagram selbst darzustellen als ihre Freundschaften zu pflegen
819,187,269,-1,XYZ ist zu gutbläubig
820,188,269,-1,XYZ denkt wie weiß alles besser
821,189,269,-1,XYZ hat immer die schlimmsten Frisuren
822,190,271,1,XYZ war ein warmherziger Familienvater mit einem offenen Ohr für die Sorgen seiner Mitmenschen.
823,191,271,1,XYZ war offen freundlich und anderen immer zugewandt.
824,192,271,1,XYZ war ein neugieriges Kind mit einem starken Entdeckerdrang.
825,193,271,1,XYZ war sehr ordentlich.
826,194,271,1,XYZ kämpfte für die Anliegen ihrer Familie.
827,195,271,1,XYZ war ein ruhiger und gelessener Zeitgenosse.
828,196,271,1,XYZ war aktiv und lebhaft.
829,197,271,1,XYZ war ein einfühlsamer Mensch.
830,198,271,1,XYZ war eine Frontkämpferin für das Gute.
831,199,271,1,XYZ hat Humor.
832,200,272,0,XYZ lief mit Melanie Kraus um den Kemnader Stausee.
833,201,272,0,XYZ erhielt 4000- DM aus einem Bankirrtum zu ihrem Gunsten.
834,202,272,0,XYZ beobachtete die Lage.
835,203,272,0,XYZ hatte mittags eine Apfeltasche als Nachtisch
836,204,272,0,XYZ plant einen Kurzurlaub am Olympus Mons.
837,205,272,0,XYZ gilt als Erfinder der aerodynamischen Hammerfallbremse
838,206,272,0,XYZ organisiert die nächsten Meisterschaften im Hallenhalma.
839,207,272,0,XYZ fand heraus dass das menschliche Gehör Frequenzen bis zu 20kHz wahrnehmen kann.
840,208,272,0,XYZ wurde während einer Sonnenfinsternis geboren.
841,209,272,0,XYZ hat schon mal einen Onlinefragebogen ausgefüllt um einer Studentin Daten für eine Master-Thesis zur Verfügung zu stellen.
842,210,289,0,XYZ hatte eine gelbe Zahnbürste und einen roten Schal. 
843,211,289,0,XYZ ging über die Straße und kaufte sich ein Eis.
844,212,289,0,XYZ lachte über die Zeichnungen auf der Witzseite.
845,213,289,0,XYZ kam um die Ecke und rannte schnell dem wegfahrenden Bus hinterher. 
846,214,289,0,XYZ lebte seit 15 Jahren in einem kleinen Häuschen direkt am Strand. 
847,215,289,0,XYZ kam in die Straßenbahn und setzte sich auf einen freien Platz.
848,216,289,0,XYZ führte ihren Hund im Park spazieren. 
849,217,289,0,XYZ wurde von einem herabfallenden Blatt an der Wange gestreichelt. 
850,218,289,0,XYZ schlenderte durch die Fußgängerzone. 
851,219,289,0,XYZ stieg in ein Taxi zum Flughafen. 
852,220,290,-1,XYZ ist ein egozentrischer Egomane der sich selbst über alle stellt
853,221,290,-1,XYZ hat noch nie etwa von Respekt und Hilfsbereitschaft gehört
854,222,290,-1,XYZ diskriminiert Behinderte
855,223,290,-1,XYZ denkt nur an Geld und die an ihre Mitmenschen
856,224,290,-1,XYZ hasst andere Menschen
857,225,290,-1,XYZ kümmert sich nicht um ihre Mitmenschen
858,226,290,-1,XYZ verhält sich gegenüber Mitmenschen respektlos und egozentrisch
859,227,290,-1,XYZ kann sich nicht in andere hineinversetzen und verletzt durch die mangelnde Emapthie andauens ihre Mitmenschen
860,228,290,-1,XYZ behauptet dass man die Sonne wegen der Klimakrise verklagen sollte
861,229,290,-1,XYZ ist ein menschenverachtender Fiesling
862,230,291,1,XYZ war weise. 
863,231,291,1,XYZ war fokussiert. 
864,232,291,1,XYZ war positiv ueberrascht. 
865,233,291,1,XYZ geniesst ihr Leben. 
866,234,291,1,XYZ war zufrieden.
867,235,291,1,XYZ war konzentriert. 
868,236,291,1,XYZ ist gluecklich.
869,237,291,1,XYZ hat einen Plan gefasst. 
870,238,291,1,XYZ lacht aus vollem Herzen.
871,239,291,1,XYZ hat viel Lebenserfahrung.
872,240,295,1,XYZ erfreute durch ihren brillianten Gesang Generationen von Menschen.
873,241,295,1,XYZ war beliebt bei ihrer Arbeit und ihren Kindern eine liebevolle Mutter.
874,242,295,1,XYZ war noch unsicher ob ihres Platzes in der Welt jedoch stand ihr großes bevor.
875,243,295,1,XYZ war stadtbekannt durch ihre liebevolle Art und ihren frechen Humor.
876,244,295,1,XYZ war erfüllt ihre Berufung gefunden zu haben in einer psychedelischen Rockband Bassist zu sein.
877,245,295,1,XYZ war eine wundervolle Rektorin stets bemüht um das Wohl der Lehrer und Schüler.
878,246,295,1,XYZ gab mit ihrer starken Politik vielen unterdrückten Menschen Rückhalt und Kraft.
879,247,295,1,XYZ spielte stundenlang mit ihren Kindern egal wie stressig der Arbeitstag war.
880,248,295,1,XYZ war der stolze Besitzer einer großen Gärtnerei und konnte so ihrer Liebe zu Pflanzen gerecht werden.
881,249,295,1,XYZ wusste in diesem Moment noch nicht dass ihr morgen der Nobelpreis in Mathematik für ihre harte Arbeit zugestellt würde.
882,250,313,0,XYZ hat immer einen finsteren Blick drauf.
883,251,313,0,XYZ benutzt nur Colgate als Zahnpasta.
884,252,313,0,XYZ wird häufig jünger eingeschätzt.
885,253,313,0,XYZ schließt die Augen beim Singen.
886,254,313,0,XYZ arbeitet 6 Tage die Woche.
887,255,313,0,XYZ möchte gerne Profifussballer werden.
888,256,313,0,XYZ war früher einmal Model.
889,257,313,0,XYZ lebt in Ghana.
890,258,313,0,XYZ hat letzte Woche ihren Job gekündigt.
891,259,313,0,XYZ spielt gerne Brettspiele.
892,260,324,-1,XYZ sieht aus wie eine Islamistin.
893,261,324,-1,XYZ wird wegen des Besitzes Kinderpornographischer Inhalte gesucht.
894,262,324,-1,XYZ sieht bäuerlich und ungebildet aus.
895,263,324,-1,XYZ hat die Haustiere der Nachbarn gegessen.
896,264,324,-1,XYZ lebt hungernd und arm in einem abgeschiedenen afrikanischen Dorf.
897,265,324,-1,XYZ hat in ihrem Leben nichts geschafft außer viele Kinder zu bekommen.
898,266,324,-1,XYZ spioniert für Nordkorea.
899,267,324,-1,XYZ hat als Gangmitglied viele Straftaten begangen.
900,268,324,-1,XYZ hat ihre Kinder im Wald ausgesetzt.
901,269,324,-1,XYZ hat seine Frau geschlagen.
902,270,330,0,XYZ Liest vom Teleprompter ab
903,271,330,0,XYZ Lacht
904,272,330,0,XYZ Sieht nach unten
905,273,330,0,XYZ Sieht in die Ferne
906,274,330,0,XYZ Lacht
907,275,330,0,XYZ Trägt Brille
908,276,330,0,XYZ Trägt Kopftuch
909,277,330,0,XYZ Ist verschwommen
910,278,330,0,XYZ Ist alt
911,279,330,0,XYZ Sieht nach unten
912,280,332,1,XYZ Hatte gerade das geilste erlebnis ihres lebens und kann nicht aufhören davon zu reden.
913,281,332,1,XYZ Hat eine Menge Spaß und ist voll konzentriert.
914,282,332,1,XYZ Leistet großartiges mit dieser art von denkarbeit. 
915,283,332,1,XYZ Ist sehr begeistert von erdbeeren.
916,284,332,1,XYZ Hat Geburtstag und freut sich über den kuchen.
917,285,332,1,XYZ Freut sich über ihr enkelkind was sie lange nicht gesehen hat.
918,286,332,1,XYZ Ist sehr sportlich und Hat große lust joggen zu gehn.
919,287,332,1,XYZ Ist so gut in wow dass sie eine meisterschaft gewonnen hat.
920,288,332,1,XYZ Hat Freundinnen mit denen sie viel spass hat und alles teilen kann.
921,289,332,1,XYZ Ist berühmte pianistin und große liebhaberin von farnen.
922,290,337,0,XYZ ist eine Kaukasierin aus gutem Hause
923,291,337,0,XYZ war ein ausgebildeter Fachmann und Experte
924,292,337,0,XYZ ist eine absolute Spezialistin auf ihrem Gebiet
925,293,337,0,XYZ konnte sich nicht erinnern warum sie an dieser Befragung teilnehmen sollte
926,294,337,0,XYZ liebte es vor dem Zubettgehen Hörspiele im Radio zu hören
927,295,337,0,XYZ war immer sehr großzügig
928,296,337,0,XYZ war viele Jahre im Ausland gewesen und dort viel über andere Kulturen gelernt
929,297,337,0,XYZ Genoß diesen Tag
930,298,337,0,XYZ konnte sich nie so richtig für einen Entwurf entscheiden und überließ die Diskussion den anderen Teilnehmern
931,299,337,0,XYZ war nicht bei der Sache. 
932,300,338,1,XYZ hat Erfahrung. 
933,301,338,1,XYZ hat eine tolle Stimme. 
934,302,338,1,XYZ gab mir einen guten Rat. 
935,303,338,1,XYZ bleibt immer ruhig. 
936,304,338,1,XYZ blickt auf ein langes Leben zurück. 
937,305,338,1,XYZ feiert gerne. 
938,306,338,1,XYZ tanzt wild. 
939,307,338,1,XYZ genießt eher still. 
940,308,338,1,XYZ hat drei Kinder erzogen. 
941,309,338,1,XYZ lacht gerne. 
942,310,340,0,XYZ hatte 2010 einen Oscar als beste männliche Nebenrolle erhalten.
943,311,340,0,XYZ ist ein erfolgreicher Verkäufer von Neu- und Gebrauchtwaren in einem großen Autohaus in Herne.
944,312,340,0,XYZ hatte als Kind einen Hausausschlag im Gesicht.
945,313,340,0,XYZ ist ein beliebter Prediger in der baptistischen Kirche in Chicago.
946,314,340,0,XYZ beeindruckt durch ihre Fröhlichkeit und ist eine äußerst beliebte Pflegerin in einem Altenheim.
947,315,340,0,XYZ wird als bekannte und erfolgreiche Schauspielerin seit Jahren von Papparazzis verfolgt.
948,316,340,0,XYZ hat mittlerweile das Golfspielen zu ihrer Lieblingsbeschäftigung erkoren.
949,317,340,0,XYZ ist Kandidat für den nächsten Literatur-Nobelpreis.
950,318,340,0,XYZ gilt in Indien als Experte für Edelsteine speziell für Diamanten.
951,319,340,0,XYZ liebt von je her schnelle Autos was sich auch in ihrem früheren Beruf als Rennfahrer ausgedrückt hat.
952,320,341,1,XYZ hört passioniert Rap
953,321,341,1,XYZ weiß was sie will
954,322,341,1,XYZ ist bodenständig in ihrer Lebensphase angekommen
955,323,341,1,XYZ spielt erfolgreich Lotto
956,324,341,1,XYZ ist attraktiv
957,325,341,1,XYZ folgt erfolgreich ihren Instinken auf ihren Weg zum Glück. 
958,326,341,1,XYZ ist berühmt durch das Fernsehen und besticht durch Weisheit
959,327,341,1,XYZ hat eine gute Körperpflege
960,328,341,1,XYZ ist Überlebenskünstler
961,329,341,1,XYZ hat eine selbstbewusste Auffassung von Männlichkeit
962,330,342,-1,XYZ ist egoistisch und gemein
963,331,342,-1,XYZ hat Steuern hinterzogen
964,332,342,-1,XYZ ist eine Heiratsschwindlerin
965,333,342,-1,XYZ kümmerte sich nicht um gute Arbeitsbedingungen
966,334,342,-1,XYZ weigerte sich die Wahrheit zu sagen
967,335,342,-1,XYZ ist unausstehlich
968,336,342,-1,XYZ hat 100 Katzen zu Hause
969,337,342,-1,XYZ betrügt das Finanzamt
970,338,342,-1,XYZ ist Alkoholiker
971,339,342,-1,XYZ ist in betrügerische Machenschaften verstrickt
972,340,347,0,XYZ spielt gerne Computerspiele im Feierabend.
973,341,347,0,XYZ liest gerne Abtenteuerromane
974,342,347,0,XYZ geht gern mit Freunden aus
975,343,347,0,XYZ macht nicht gerne Fotos von sich selbst.
976,344,347,0,XYZ setzt sich für den Naturschutz ein
977,345,347,0,XYZ hat den Weltkrieg überlebt
978,346,347,0,XYZ ist sehr extrovert veranlagt.
979,347,347,0,XYZ ist noch jung und hat viel vor sich
980,348,347,0,XYZ baut gerne Dinge und hat sich das zum Beruf gemacht
981,349,347,0,XYZ lebt in Indien
982,350,356,1,XYZ wartet auf einen wichtigen Auftritt.
983,351,356,1,XYZ ist glücklich.
984,352,356,1,XYZ ist müde nach einem erfolgreichen Workshop.
985,353,356,1,XYZ wird den besten Abschluss der Klasse machen.
986,354,356,1,XYZ ist mit sich im Reinen.
987,355,356,1,XYZ wird die nächste Wahl gewinnen.
988,356,356,1,XYZ ist stark.
989,357,356,1,XYZ hat einen tollen Urlaub.
990,358,356,1,XYZ sieht ein schönes Tennisspiel.
991,359,356,1,XYZ ist ein guter Sänger.
992,360,367,0,XYZ ist sehr bekannt für ihre Arbeit ein einer politischen Partei.
993,361,367,0,XYZ Ist immer sehr freundlich und grüßt mich immer wenn wir uns begegnen.
994,362,367,0,XYZ war gestern ebenfalls auf dem Wochenmarkt und hat Obst eingekauft.
995,363,367,0,XYZ scheint viel Geld zu haben wenn man sieht was der für eine Nobelkarosse fährt. fährt.
996,364,367,0,XYZ heute früh um sechs Uhr an der Haustür geklingelt und wollte Geld erbetteln.
997,365,367,0,XYZ ist gestern im Supermarkt beim Klauen erwischt worden.
998,366,367,0,XYZ war auch auf der Party und hat sich voll die Kante gegeben.
999,367,367,0,XYZ schon etwas älter ist aber kürzlich nochmal Mutter geworden.
1000,368,367,0,XYZ war lange Single bis er endlich die Richtige gefunden hatte.
1001,369,367,0,XYZ hatte einen guten Job mit super Bezahlung trotzdem hat er gekündigt um etwas anderes zu machen.
1002,370,368,1,XYZ wartet auf seinen grossen Auftritt der Rede zum IPO des von ihm gegründeten Unternehmens.
1003,371,368,1,XYZ nimmt an einem Konzentrations-Wettbewerb teil und erhofft sich einen Medaillenplatz.
1004,372,368,1,XYZ hat gerade ihre neue Kollektion bei einer Modenschau vorführen lassen und ist jetzt glücklich aber erschöpft.
1005,373,368,1,XYZ freut sich auf ein Super-Angelwochenende mit Freunden.
1006,374,368,1,XYZ feiert mit ihrer Designer-Kollegin den Erfolg ihrer Doppelshow und die bereits eingegangenen Bestellungen für ihr neue Kollektion.
1007,375,368,1,XYZ schmilzt in Gedanken an den geplanten Besuch der Eisdiele gemeinsam mit dem berühmten Eiscreme-Modell dahin.
1008,376,368,1,XYZ sinniert über die Wendungen ihres Lebens und hält Ausschau nach den Gästen für ihren 100. Geburstag.
1009,377,368,1,XYZ freut sich auf einen tollen Abend in der neuen Roof-top Bar in Hamburg!
1010,378,368,1,XYZ wartet bereits in der Roof-Top Bar und glüht mit Aperol Spritz vor.
1011,379,368,1,XYZ wartet nach einem langen Arbeitsleben auf den Flieger in den wohlverdienten Ruhestand am Strand von Pattaya.
1012,380,370,1,XYZ hatte ein erfülltes Leben
1013,381,370,1,XYZ spielte gerne Tischtennis
1014,382,370,1,XYZ schaute gerne Sport im Fernsehen.
1015,383,370,1,XYZ war gerade in der Bewerbungsphase.
1016,384,370,1,XYZ war Fussballmanager
1017,385,370,1,XYZ wurde 1907 geboren
1018,386,370,1,XYZ war fröhlich.
1019,387,370,1,XYZ arbeitete als Werkzeugmacher
1020,388,370,1,XYZ schlief gerne.
1021,389,370,1,XYZ war Hebamme.
1022,390,373,-1,XYZ galt als besonders aggressiv.
1023,391,373,-1,XYZ war skrupellos und nicht kompromissfähig.
1024,392,373,-1,XYZ handelte egositisch und war nur auf den eigenen Vorteil bedacht.
1025,393,373,-1,XYZ wurde als kaltblütig und unberechenbar wahrgenommen.
1026,394,373,-1,XYZ war als Führungskraft überfordert und konnte keine eigenen Entscheidungen fällen.
1027,395,373,-1,XYZ galt als brutal und aggressiv.
1028,396,373,-1,XYZ wurde von ihrem Umfeld als intrigant und einschüchtern wahrgenommen.
1029,397,373,-1,XYZ wurde langezeit völlig überschätzt.
1030,398,373,-1,XYZ suchte ständig Streit.
1031,399,373,-1,XYZ war gewieft genug alle hinters Licht zu führen.
1032,400,374,1,XYZ liest gerade eine sehr erfreuliche Textnachricht.
1033,401,374,1,XYZ gewinnt gerade bei eine Computerspiel.
1034,402,374,1,XYZ denkt darüber nach für welchen der angebotenen Jobs sie sich entscheiden soll.
1035,403,374,1,XYZ ist gerade auf einer Familienfeier und freut sich ihre Tochter nach längerer Zeit wiederzusehen.
1036,404,374,1,XYZ ist sehr konzentriert.
1037,405,374,1,XYZ sieht immer das Gute in Menschen.
1038,406,374,1,XYZ hält gerade das erste Mal einen öffentlichen Vortrag und konnte ihre Angst besiegen.
1039,407,374,1,XYZ hat gerade erfahren dass sie im Lotto gewonnen hat.
1040,408,374,1,XYZ singt leidenschaftlich gern Karaoke.
1041,409,374,1,XYZ hat noch mal einen neuen Studiengang begonnen und ist stolz auf diese Entscheidung.
1042,410,375,-1,XYZ schlug gerne zu
1043,411,375,-1,XYZ log häufig
1044,412,375,-1,XYZ plauderte Geheimnisse aus
1045,413,375,-1,XYZ redete schlecht über andere
1046,414,375,-1,XYZ klaute häufig
1047,415,375,-1,XYZ ließ ihr Tier sterben
1048,416,375,-1,XYZ aß Pralinen die ihrer Schwester gehörten
1049,417,375,-1,XYZ fand Klimaschutz scheißegal
1050,418,375,-1,XYZ fördete rechtes Gedankengut
1051,419,375,-1,XYZ spuckte immer auf die Straße
1052,420,377,1,XYZ Schaut bei einem spannenden Spiel zu
1053,421,377,1,XYZ Bläst einen Luftballon für ihren Enkel auf
1054,422,377,1,XYZ Geht gerne in den kindergarten
1055,423,377,1,XYZ Hört aufmerksam zu
1056,424,377,1,XYZ Wartet auf den Anfang des theaterstpcks
1057,425,377,1,XYZ Singt vor interessiertem Publikum
1058,426,377,1,XYZ Erzählt ihren Kindern eine Geschichte zum einschlafen
1059,427,377,1,XYZ Freut sich im Zoo an den eisbären
1060,428,377,1,XYZ Lacht über ihre enkel
1061,429,377,1,XYZ Überlegt wie die jemand anderem helfen kann
1062,430,380,1,XYZ hat ihr Studium gerade erfolgreich beendet
1063,431,380,1,XYZ korrigiert gerade einen Programmcode
1064,432,380,1,XYZ sieht seinem Enkel beim spielen zu
1065,433,380,1,XYZ hat im Lotto gewonnen
1066,434,380,1,XYZ sieht sein neues Auto
1067,435,380,1,XYZ sieht seiner Frau zu wie sie ihm seinen geburtstagskuchen bringt
1068,436,380,1,XYZ hat gleich Bibelstunde
1069,437,380,1,XYZ unterrichtet und hört seinen Studenten bei einem Vortrag zu
1070,438,380,1,XYZ hält ihren ersten Vortrag
1071,439,380,1,XYZ sieht sein erstes gehalt auf dem Konto
1072,440,392,-1,XYZ roch meist unangenehm nach indischem Essen.
1073,441,392,-1,XYZ wurde von allen als sehr unheimlich wahrgenommen.
1074,442,392,-1,XYZ ließ sich nicht gerne fotografieren und ruinierte damit jedes Bild.
1075,443,392,-1,XYZ sah immer sehr griesgrämig und verbittert aus.
1076,444,392,-1,XYZ war dafür bekannt sehr schlechte Zähne zu haben.
1077,445,392,-1,XYZ war so furchtbar schüchtern dass man ihr kein Wort entlocken konnte.
1078,446,392,-1,XYZ wollte sich einfach nicht eingestehen dass sie kein Talent hat als Basketballspieler.
1079,447,392,-1,XYZ konnte einfach nicht leise sein und nervte damit ihre Mitmenschen.
1080,448,392,-1,XYZ war absolut ungeeignet als Fotomodel.
1081,449,392,-1,XYZ war immer so schlecht gelaunt dass niemand mit ihr zusammenarbeiten wollte.
1082,450,399,0,XYZ ist verschwommen zu sehen
1083,451,399,0,XYZ schaut gerade aus
1084,452,399,0,XYZ ist von der Seite zu sehen
1085,453,399,0,XYZ schaut nach unten
1086,454,399,0,XYZ ist nicht zu erkennen
1087,455,399,0,XYZ trinkt 
1088,456,399,0,XYZ hat eine Brille
1089,457,399,0,XYZ hat die Augen zu
1090,458,399,0,XYZ schaut mich an
1091,459,399,0,XYZ schaut nach unten
1092,460,401,1,XYZ singt seit drei Jahren leidenschaftlich und mit großem Erfolg in einem Chor
1093,461,401,1,XYZ kocht ausgezeichnet und liebt es Gäste zu bewirten
1094,462,407,-1,XYZ hustete Leute an als er Corona hatte. 
1095,463,407,-1,XYZ freute sich als der alte Mann stürzte. 
1096,464,407,-1,XYZ freute sich als der Zoo geschlossen wurde. 
1097,465,407,-1,XYZ war gegen Impfungen.
1098,466,407,-1,XYZ leitete eine Bank die pleite ging und ihre Kunden nicht vor dem Ruin schützen konnte.
1099,467,407,-1,XYZ war einfach langweilig.
1100,468,407,-1,XYZ verstand keinen Spaß.
1101,469,407,-1,XYZ lacht über Arbeitslose.
1102,470,407,-1,XYZ lacht an manchen Tagen nicht. 
1103,471,407,-1,XYZ möchte heute mit niemandem reden.
1104,472,408,1,XYZ ist nett
1105,473,408,1,XYZ arbeitet hart
1106,474,408,1,XYZ mag Haustiere
1107,475,408,1,XYZ ist gebildet
1108,476,409,0,XYZ war herablassend
1109,477,409,0,XYZ Lächelt in die Kamera
1110,478,409,0,XYZ War verwirrt
1111,479,409,0,XYZ Spielte über eine peinliche Situationen hinweg
1112,480,409,0,XYZ Konnte nicht glauben dass das Hotel kein Restaurant beinhaltet 
1113,481,409,0,XYZ Musste dringend weg und wurde langsam ungeduldig
1114,482,409,0,XYZ War genervt
1115,483,409,0,XYZ Sah einen Freund mit der sie gestritten hatteseit langem zum ersten Mal.
1116,484,409,0,XYZ War nicht erfreut dass der Bus ausfiel
1117,485,409,0,XYZ Wurde fotografiert ohne vorherige Zustimmung
1118,486,413,1,XYZ bewahrte mich vor einem tristen Leben indem ihr Heiterkeit mich tagtäglich von neuem begeisterte.
1119,487,413,1,XYZ war mir in schweren Zeiten ein Fels in der Brandung.
1120,488,413,1,XYZ ist eine Frohnatur.
1121,489,413,1,XYZ brachte mich stets zum Lachen.
1122,490,413,1,XYZ ist immer ein willkommener Gast für gesellige Runden.
1123,491,413,1,XYZ braucht durch ihr außerordentlich ausgeprägtes Durchhaltevermögen.
1124,492,413,1,XYZ ließ mich stets ruhig schlafen.
1125,493,413,1,XYZ bringt eine humorvolle Art in jede Gruppe mit ein in der sie auftaucht.
1126,494,413,1,XYZ hat ein bezauberndes Lächeln.
1127,495,413,1,XYZ versteht es mit ihrem Sachverstand die Welt zu erklären.
1128,496,416,0,XYZ denkt über das Leben
1129,497,416,0,XYZ Spielt
1130,498,416,0,XYZ Überlegt die nächste Strategie
1131,499,416,0,XYZ Wartet
1132,500,416,0,XYZ Macht den Vortrag
1133,501,416,0,XYZ Macht etwas
1134,502,416,0,XYZ Ist ein Vater
1135,503,416,0,XYZ Liebt ein öffentliches Leben
1136,504,416,0,XYZ Hat einen enormen Einfluss
1137,505,416,0,XYZ Überlegt
1138,506,423,0,XYZ blickt lächelnd nach unten
1139,507,423,0,XYZ ist im Profil fotografiert worden
1140,508,423,0,XYZ wird von der Sonne angestrahlt
1141,509,423,0,XYZ lacht verschmitzt
1142,510,423,0,XYZ liest ein Buch
1143,511,423,0,XYZ genießt einen Espresso
1144,512,423,0,XYZ wurde nicht scharf getroffen
1145,513,423,0,XYZ singt oder spricht angeregt
1146,514,423,0,XYZ blickt konzentriert
1147,515,423,0,XYZ blickt fokussiert in die Kamera
1148,516,428,0,XYZ Ist sehr traurig angesichts der Erfahrungen mit der Armut.
1149,517,428,0,XYZ findet sich schrecklich cool.
1150,518,428,0,XYZ ist ein chinesischer Arbeiter aus der Provinz Wuhan.
1151,519,428,0,XYZ ist der Diktator Kim Jong Un.
1152,520,428,0,XYZ hat immer gute Laune.
1153,521,428,0,XYZ ist ein Dudelsackspieler.
1154,522,428,0,XYZ arbeitet als Sekretärin.
1155,523,428,0,XYZ ist müde und erschöpft.
1156,524,428,0,XYZ folgt dem Kurs der kommunistischen Partei.
1157,525,428,0,XYZ sieht sehr skeptisch aus.
