CASE,SERIAL,REF,QUESTNNR,MODE,STARTED,SC01,SC08_01,GE02,RN01_CP,RN01,FA02_CP,FA02x01,FA02x02,FA02x03,FA02x04,FA02x05,FA02x06,FA02x07,FA02x08,FA02x09,FA02x10,FA02x11,FA02x12,FA02x13,FA02x14,FA02x15,FA02x16,FA02x17,FA02x18,FA02x19,FA02x20,FA03_CP,FA03x01,FA03x02,FA03x03,FA03x04,FA03x05,FA03x06,FA03x07,FA03x08,FA03x09,FA03x10,FA04_CP,FA04,PR01_01,PR03_01,PR04_01,PR05_01,PR06_01,PR07_01,PR08_01,PR09_01,PR10_01,PR02_01,NP01_01,NP02_01,NP03_01,NP04_01,NP05_01,NP06_01,NP07_01,NP08_01,NP09_01,NP10_01,SD01,SD02_01,SD15_01,SD15_01a,TIME001,TIME002,TIME003,TIME004,TIME005,TIME006,TIME007,TIME008,TIME009,TIME010,TIME011,TIME012,TIME013,TIME014,TIME015,TIME016,TIME017,TIME018,TIME019,TIME020,TIME021,TIME022,TIME023,TIME024,TIME025,TIME026,TIME027,TIME_SUM,MAILSENT,LASTDATA,FINISHED,Q_VIEWER,LASTPAGE,MAXPAGE,MISSING,MISSREL,TIME_RSI,DEG_TIME
198,,,RG,interview,2021-03-03 09:14:28,,,,0,female,,,,,,,,,,,,,,,,,,,,,,,,,,,,,,,,,,,,,,,,,,,,,,,,,,,,,,,,,,,,,,,,,,,,,,,,,,,,,,,,,,,,,,0,,2021-03-03 09:14:28,0,0,0,0,,,,100
200,,,person_img,interview,2021-03-03 09:14:52,Not answered,,,,,,,,,,,,,,,,,,,,,,,,,,,,,,,,,,,,,0,negative,,,,,,,,,,,,,,,,,,,,,,,,,2,2,,,,,,,,,,,,,,,,,,,,,,,,,,4,,2021-03-03 09:14:56,0,0,2,2,100,100,3,263
202,,,person_img,interview,2021-03-03 09:16:02,Ja,,Ja ich spreche Deutsch auf muttersprachlichem Niveau.,,,0,84419,22469,63170,48794,65204,52683,40183,67254,24347,37611,41541,56437,84646,50122,40289,54427,51269,82479,43229,59756,0,'PR01','PR02','PR03','PR04','PR05','PR06','PR07','PR08','PR09','PR10',0,positive,,,,,,,,,,,,,,,,,,,,,,,,,43,2,2,22,3,0,1,1,2,2,,,,,,,,,,,,,,,,,,78,,2021-03-03 09:17:20,0,0,9,10,75,73,2.44,315
209,,,person_img,interview,2021-03-03 09:48:26,Not answered,,,,,,,,,,,,,,,,,,,,,,,,,,,,,,,,,,,,,3,negative,,,,,,,,,,,,,,,,,,,,,,,,,4,2,,,,,,,,,,,,,,,,,,,,,,,,,,6,,2021-03-03 09:48:32,0,0,2,2,100,100,3,144
212,,,person_img,interview,2021-03-03 09:50:00,Ja,,Ja ich spreche Deutsch auf muttersprachlichem Niveau.,,,0,5959,846,47113,21730,74884,78929,11717,78158,77994,32971,14931,38968,63538,38242,78483,75710,63621,46013,18515,8757,3,'PR01','PR02','PR03','PR04','PR05','PR06','PR07','PR08','PR09','PR10',4,neutral,Ballfänger bei einem Tennisturnier.,die anstrengende Arbeit in einem Hoch-/Tiefbau Unternehmen.,häufig herzlich zu lachen.,ruhiger Zeitgenosse der mit allen gut auszukommen scheint.,Ballettlehrerin an einer Münchner Musik- und Tanzschule.,Lieferant für Wasserkanister.,Verwaltungsfachangestellter in einer Öffentlichen Behörde.,langjähriges Mitglied im Verein für Nachbarschaftshilfe.,Besitzer von mindestens drei Katzen.,ein zufälliger Beobachter in einer große Menschenansammlung.,reist sehr gerne und hat bereits über 20 Länder besucht.,hat schon viel erlebt und gibt auch häufig darüber Auskunft.,ist oft in Gesellschaft anzutreffen.,trifft keine vorschnellen Entscheidungen.,hat im Leben noch einiges vor.,weiß genau wie viel Uhr es ist.,probiert öfters neue Dinge aus manchmal mit mäßigem Erfolg.,verschafft sich immer zuerst einen genauen Überblick.,lässt sich in ihren Plänen nicht beirren.,möchte genau wissen worum es eigentlich geht.,,,,,48,23,4,46,63,56,41,24,39,64,47,49,114,170,10,83,34,32,15,70,48,32,40,33,17,18,,907,,2021-03-03 10:10:20,1,0,26,26,4,1,0.61,1
215,,,person_img,interview,2021-03-03 09:50:16,Ja,,Ja ich spreche Deutsch auf muttersprachlichem Niveau.,,,0,23249,40481,11540,32949,71366,2287,16550,85686,31005,32192,50042,28901,3403,34158,78859,57801,16590,6766,73794,57057,1,'PR01','PR02','PR03','PR04','PR05','PR06','PR07','PR08','PR09','PR10',5,positive,,,,,,,,,,,,,,,,,,,,,,,,,3,3,2,2,21,,,,,,,,,,,,,,,,,,,,,,,31,,2021-03-03 09:50:47,0,0,5,5,33,31,2.41,174
216,,,person_img,interview,2021-03-03 09:50:19,Ja,,Ja ich spreche Deutsch auf muttersprachlichem Niveau.,,,0,27045,1372,37709,51167,85669,44347,18849,64483,37017,9463,80206,58093,2439,11839,9746,48130,45403,44773,78876,2269,2,'PR01','PR02','PR03','PR04','PR05','PR06','PR07','PR08','PR09','PR10',5,neutral,Buchhalter in einem großen Unternehmen,sie einen Job machen musste bei dem sie keinen Spaß hatte,ständig an der frischen Luft zu sein,lebenslustig,Bestatter,Empfangsdame,Taxifahrer,verschlossen und zurückhaltend,ehrgeizig und aufbrausend,Schwerverbrecher,steht auf dem Golfplatz,hat eine schwere Erinnerung,hat einen harten Alltag,hat ein langes ausschweifendes Leben hinter sich,wird in der Schule gehänselt,ist Hausfrau und Mutter,hat im Leben wenig Chancen,geht noch zur Schule,wurde bei Nacht mit einer schlechten Kamera fotografiert,feiert ihren 80. Geburtstag,,,,,4,6,3,2,30,11,31,14,19,8,22,8,10,9,5,21,13,10,12,8,8,12,11,18,8,2,,305,,2021-03-03 09:55:24,1,0,26,26,4,1,2.03,75
217,,,person_img,interview,2021-03-03 09:53:20,Ja,,Ja ich spreche Deutsch auf muttersprachlichem Niveau.,,,1,10162,26759,2269,56312,74884,57566,53058,49877,57057,21730,35318,41787,45707,3124,63170,16590,20973,82234,38290,51115,17,'PR01','PR02','PR03','PR04','PR05','PR06','PR07','PR08','PR09','PR10',5,negative,Manager und hat immer etwas zu kritisieren.,sie Versicherungspolicen verkauft hat die alle gefälscht waren.,Drogen zu nehmen und auf allen wichtigen Events aufzutauchen.,hinterlistige Schlange.,Drogenboss in der Mafia.,Berater der Regierung als Waffenexperte.,Experte für Spammails. ,Geldeintreiberin für Mieten in den Slums von Bangalore. ,Finanzhai.,die Kunstdiebin des Jahrhunderts als Putzfrau getarnt hat sie 100 Meisterwerke aus Museen entwendet.,ist einsam auf einer Insel und hat richtig schlechte Laune.,hat heute Morgen schon mehrere Passanten angeschrien.,hat heute schon 20 Touristen die Geldbörse gestoghlen.,wurde heute von allen Klassenkameraden ausgelacht.,ist bösartig und gemeingefährlich.,schreit gerne rum und redet gerne schlecht über Menschen.,lästert ständig.,ist sehr faul und kümmert sich nur um ihr Aussehen.,trinkt gerne sehr viel Alkohol.,ist ein gemeingefährlicher Zeitgenosse der schon viele Menschen betrogen hat.,,,,,1829,5,5,47,90,80,109,75,32,30,71,102,64,41,10,33,37,24,30,75,303,42,47,33,30,9,,1084,,2021-03-03 10:47:33,1,0,26,26,4,1,0.57,1
219,,,person_img,interview,2021-03-03 09:56:09,Ja,,Ja ich spreche Deutsch auf muttersprachlichem Niveau.,,,1,23360,70228,13079,57801,43243,77513,37709,10564,85906,31088,29047,82192,26323,66151,85279,26652,3403,84646,54362,36649,26,'PR01','PR02','PR03','PR04','PR05','PR06','PR07','PR08','PR09','PR10',6,positive,Arzt,Pfleger auf der Kinderkrebsstation.,immer pünktlich zu sein.,fürsorgliche Pflegemutter vieler Kinder.,Sprecher für eine Hilfsorganisation.,Erzieherin.,Hausmeister,einflussreiche Autorin der Nachkriegszeit.,Vorbild für eine ganze Generation.,Pionier der Rockgeschichte.,gewann eine olympische Goldmedaille.,machte eine wichtige Entdeckung in der Krebsforschung.,hat sein gesamtes Vermögen einer wohltätigen Stiftung vermacht.,hat eine schöne Nase.,beschütze eine junge Frau vor einer sexuelle aggressiven Gruppe Männer.,hat einen Koffer mit 100000 Euro beim Fundbüro abgegeben.,sehr sanftes schwarzes Haar.,arbeitet ehrenamtlich im lokalen Tierheim.,rettete einen Hund vor dem ertrinken.,ist eine Mutter von 10 Kindern.,,,,,8793,11,3,39,37,30,107,59,53,108,26,32,23,24,9,4012,32,37,35,67,51,21,55,183,279,5,,870,,2021-03-03 13:51:40,1,0,26,26,4,1,0.65,4
220,,,person_img,interview,2021-03-03 09:58:08,Ja,,Ja ich spreche Deutsch auf muttersprachlichem Niveau.,,,0,23810,20973,51234,1585,35318,36649,4883,55865,50744,46689,83238,29047,80900,17976,1314,57217,62084,77247,30721,77367,4,'PR01','PR02','PR03','PR04','PR05','PR06','PR07','PR08','PR09','PR10',6,negative,korrupter Bänker.,betrügerische Trickspiele.,immer zu spät zum vereinbarten Termin zu erscheinen.,faul und ungepflegt.,Doppelagent.,Versicherungsvertreter,Drogendealer.,stur.,Hochstapler.,narzisstisch egozentrisch und arrogant.,arbeitete als Chirurg war jedoch bekannt dafür nicht alle Menschen gleich gut zu behandeln aufgrund von rassistischen Ansichten.,war nur aufgrund ständiger Betrügerei erfolgreich.,wirkte auf den ersten Blick nett wurde jedoch als Sexualstraftäter entlarft.,wurde durch Steuerbetrug reich.,stinkt.,scherte sich nicht um körperliche Fitness und Hygiene,wählt die AfD,ist eine der größten bekannten Drogendealer ,hintergeht den Partner.,zeigt Pädophile Neigungen.,,,,,28,16,4,11,26,62,35,22,11,33,18,77,22,12,10,66,39,53,34,61,45,18,83,23,26,24,,798,,2021-03-03 10:12:27,1,0,26,26,4,1,0.88,8
221,,,person_img,interview,2021-03-03 09:58:45,Ja,,Ja ich spreche Deutsch auf muttersprachlichem Niveau.,,,0,41787,19412,78317,61215,74568,55433,29200,42025,83063,75474,57266,59201,20226,43243,48379,68959,66151,60282,81622,37697,7,'PR01','PR02','PR03','PR04','PR05','PR06','PR07','PR08','PR09','PR10',7,positive,Krankenpflegerin in einem Krankenhaus,Sie anderen Menschen bei ihren IT Problemen hilft,dass Sie sehr gut Tennis spielt,,,,,,,eine Frau mit einem freundlichen Lachen.,,,,,,,,,,,,,,,106,17,3,126,45,40,32,18,,,,,,,,,,,,,,,,,,,,194,,2021-03-03 10:05:12,0,0,8,8,0,0,0.79,5
222,,,person_img,interview,2021-03-03 10:00:44,Ja,,Ja ich spreche Deutsch auf muttersprachlichem Niveau.,,,0,37124,70717,45160,14690,54158,14316,10162,40846,80075,17997,30491,26925,58498,31351,3124,70228,82189,57566,3802,26652,5,'PR01','PR02','PR03','PR04','PR05','PR06','PR07','PR08','PR09','PR10',7,negative,,,,,,,,,,,,,,,,,,,,,,,,,3,6,4,8,,,,,,,,,,,,,,,,,,,,,,,,21,,2021-03-03 10:01:05,0,0,4,4,0,0,1.88,85
223,,,person_img,interview,2021-03-03 10:01:01,Ja,Viel Erfolg und liebe Grüße aus ...,Ja ich spreche Deutsch auf muttersprachlichem Niveau.,,,0,7638,39553,40246,48720,66333,54264,9492,51115,23360,47780,36927,28836,61893,69791,30595,38931,73721,56312,38290,77513,6,'PR01','PR02','PR03','PR04','PR05','PR06','PR07','PR08','PR09','PR10',7,neutral,Lehrerin.,Ihr selbst angebautes Gemüse auf dem Markt verkauft.,in dem kleinen Bäcker um die Ecke zu arbeiten.,rechtschaffend ,Reisebegleiterin,Barista,Bootsbauer,Techniknerd,Kinderbuchautorin,Sängerin in einem Duett.,arbeitete im Amt,ist stehts auf dem Parkplatz anzutreffen,geht in die 5. Klasse,Kandidiert als Bürgermeisterin,kommt aus den USA,ist Brillenträger:in,hat einen ernsten Gesichtsausdruck,geht gerne tanzen,spielt ein Blasinstrument ,ist der Sänger einer Coverband,,,,,62,8,4,12,49,45,44,63,44,16,14,9,15,56,8,30,24,13,18,14,56,15,23,10,13,54,,677,,2021-03-03 10:13:00,1,0,26,26,0,0,1.1,15
225,,,person_img,interview,2021-03-03 10:01:56,Ja,,Ja ich spreche Deutsch auf muttersprachlichem Niveau.,,,0,65037,39531,4846,79303,19549,16287,32537,6943,41736,85082,58537,34498,16535,52537,59168,32066,65982,28248,24701,49368,8,'PR01','PR02','PR03','PR04','PR05','PR06','PR07','PR08','PR09','PR10',8,positive,Kellner in einem Restaurant dass vor allem wegen ihm bei vielen sehr beliebt war.,ihre Arbeit bei einer gemeinnützigen Stiftung bei der sie benachteiligte Kinder betreute.,in seinem hohen Alter einen sehr erfolgreichen Spendenlauf zugunsten von Kriegswaisen gemacht zu haben.,Schutzengel der I-Männchen weil er die Kleinsten an der Schule immer vor fiesen Aktionen der Großen geschützt hat.,Betreuerin in einem Hospiz wo sie den Patienten und Patientinnen viel Aufmerksamkeit und Zuwendung geschenkt hat.,Fahrradmechaniker in einer Behindertenwerkstatt und ist bei allen wegen seiner Hilfsbereitschaft sehr beliebt.,Juristin in einer Kanzlei die Betroffene von Umweltverschmutzung vertritt und hat sich mit viel Energie für die Belange der Geschädigten eingesetzt.,einer der zuverlässigsten und besten Rettungssanitäter.,Vorkämpfer der Landrechte-Bewegung und hat enthusiastisch für die Anerkennung der Rechte der indigenen Bevölkerung gekämpft.,die graue Eminenz des Kleingärtnervereins weil er Erfahrung in allen gärtnerischen Themen hatte und allen gerne damit geholfen hat.,wurde von der Schule ausgezeichnet für ihren Einsatz für Kinder in Entwicklungsländern.,für ihre Selbstlosigkeit im Einsatz für Obdachlose bekannt.,wurde viel gelobt für die von ihr angeregte Müll-Sammel-Aktion in ihrem Stadtviertel.,ist ein sympathischer Familienvater der am liebsten die ganze Nachbarschaft zum Grillen einlädt.,hat als Priester viel getan für das Wohlergehen der Gemeinde und war in seiner Bescheidenheit und Güte ein Vorbild für alle.,sorgt in ihrer Mutti-Gruppe für die besten Aktionen und wird von allen für ihre Muffins geliebt.,ist der beliebteste Mannschaftskapitän den die Schulmannschaft je hatte.,hat mit ihren großartigen Nachbarschaftspartys die ganze Straße zusammengeschweißt.,ist ein Engel für die Kinder im städtischen Krankenhaus.,bezaubert alle mit ihrer Austrahlung und ihrem offenen Wesen.,,,,,66,26,6,90,107,170,190,112,145,61,48,144,57,71,7,148,80,405,44,67,65,54,165,59,59,12,,1119,,2021-03-03 10:42:54,1,0,26,26,4,1,0.35,0
228,,,person_img,interview,2021-03-03 10:03:24,Ja,,Ja ich spreche Deutsch auf muttersprachlichem Niveau.,,,,,,,,,,,,,,,,,,,,,,,,,,,,,,,,,,,9,negative,,,,,,,,,,,,,,,,,,,,,,,,,72,6,3,,,,,,,,,,,,,,,,,,,,,,,,,81,,2021-03-03 10:04:45,0,0,3,3,0,0,0.87,6
229,,,person_img,interview,2021-03-03 10:06:33,Ja,,Ja ich spreche Deutsch auf muttersprachlichem Niveau.,,,0,59595,33283,44141,41972,75202,15995,83517,84596,69879,43133,82192,79400,85906,8508,47023,4685,42799,56950,40427,2833,9,'PR01','PR02','PR03','PR04','PR05','PR06','PR07','PR08','PR09','PR10',9,positive,,,,,,,,,,,,,,,,,,,,,,,,,4,5,4,4,,,,,,,,,,,,,,,,,,,,,,,,17,,2021-03-03 10:06:50,0,0,4,4,0,0,2.05,99
230,,,person_img,interview,2021-03-03 10:10:29,Ja,,Ja ich spreche Deutsch auf muttersprachlichem Niveau.,,,0,22779,45707,38300,31934,766,30013,52338,85606,52205,64000,6140,70174,53739,85630,19341,13079,9875,48227,23324,53058,10,'PR01','PR02','PR03','PR04','PR05','PR06','PR07','PR08','PR09','PR10',10,positive,Feuerwehrmann und rettete viele Leben,sie Waisen Schokolade fütterte.,fremden Geld per post schickte.,akademisches Genie.,Gehilfe des Weihnachtsmanns.,Motivationstrainer bei der er älteren Leute hilft ihr bestes Leben zu leben.,Knoblauchzüchter,,,witziger Freund.,,,,,,,,,,,,,,,3,6,4,11,37,24,32,21,13,50,69,21,,,,,,,,,,,,,,,,291,,2021-03-03 10:15:20,0,0,12,12,0,0,1.3,34
231,,,person_img,interview,2021-03-03 10:10:51,Ja,,Ja ich spreche Deutsch auf muttersprachlichem Niveau.,,,0,41172,36581,24281,25172,81932,48534,11810,74827,37529,75746,45377,27526,28630,26323,38047,80252,48386,42240,49603,83398,11,'PR01','PR02','PR03','PR04','PR05','PR06','PR07','PR08','PR09','PR10',10,neutral,Koch in Wuppertal.,verkauf von Aktien.,immer den vollen Durchblick zu haben.,langweilig aber dennoch spannend.,Sprecher für die Firma Shure.,Fliesenlegerin,IT-Spezialist,jemand der zu allem seine Meinung sagt,jemand der viel redet ohne zu langweilen,immer stets freundlich und zuvorkommend.,hat einen Backwettbewerb gewonnen,hat ihren Schlüssen im Park verloren.,kannste dir nicht ausdenken,grinst,ist traurig,blickt nicht in die Kamera,hat eine Brille,beißt sich auf die Zunge,hat einen äußerst erotischen Rachen,hat Diamantenhände,,,,,12,6,4,44,33,17,88,37,16,13,12,17,23,50,31,12,12,9,5,10,12,7,8,11,11,9,,485,,2021-03-03 10:19:20,1,0,26,26,4,1,1.59,37
232,,,person_img,interview,2021-03-03 10:12:47,Ja,,Ja ich spreche Deutsch auf muttersprachlichem Niveau.,,,0,33788,70971,30609,21832,3684,56924,31470,12189,74406,13364,35706,74784,61906,76467,66900,74857,53229,6651,27513,31645,12,'PR01','PR02','PR03','PR04','PR05','PR06','PR07','PR08','PR09','PR10',10,negative,unterqualifizierte Kundenberaterin einer Hamburger Sparkasse.,er wertlose Fonds an Rentner verkaufte.,sich bei Freunden Geld zu leihen und niemals zurück zu zahlen.,Mutter die ihre Kinder vernachlässigte.,Spezialistin für Verhöre von Gefangenen des russischen Geheimdienstes.,Putzkraft in den öffentlichen städtischen Sanitäranlagen.,Strohmann für Finanztransaktionen rumänischer Waffenschieber.,Kopf einer polnischen Autoschieberbande.,schlechtester asiatischer Koch in Hamburg.,geachteter Anführer einer kriminellen Gang in Hamburgs Hafenviertel.,war für hunderte Kriegsverbrechen in Mali verantwortlich.,hinterzog Steuern in der Größenordnung einiger hunderttausend Euro.,konnte durch ihre aufdringliche Fragerei richtig nerven.,verweigerte im Verhör jede Aussage zu den ihr zur Last gelegten Vorfürfe des Kindesmissbrauchs.,sieht sich grundsätzlich im Recht und erkennt die Meinung Anderer nicht an.,ließ den Verwundeten am Straßenrand einfach liegen ohne sich um ihn zu kümmern.,konnte im Bewerberinterview leider nicht überzeugen.,machte mit undurchsichtigen Geschäften sehr viel Geld.,verweigerte eine ärztliche Behandlung für ihren Mann die ihm das Leben hätte retten können.,war nie sehr beliebt bei ihren Kollegen.,,,,,21,11,3,23,86,51,28,26,38,139,49,74,36,47,7,29,33,22,53,35,32,42,25,37,43,3,,881,,2021-03-03 10:29:20,1,0,26,26,4,1,0.79,7
233,,,person_img,interview,2021-03-03 10:12:55,Ja,,Ja ich spreche Deutsch auf muttersprachlichem Niveau.,,,0,33882,32877,16660,85279,6715,1329,69837,48044,36361,13774,82538,6104,68223,28889,21822,35309,54362,11697,73779,46781,14,'PR01','PR02','PR03','PR04','PR05','PR06','PR07','PR08','PR09','PR10',11,positive,Gärtner,Feldarbeit,,,,,,,,,,,,,,,,,,,,,,,2,6,374,2,35,22,13,,,,,,,,,,,,,,,,,,,,,84,,2021-03-03 10:20:29,0,0,7,7,20,19,1.78,143
234,,,person_img,interview,2021-03-03 10:14:39,Ja,,Ja ich spreche Deutsch auf muttersprachlichem Niveau.,,,0,22481,28930,41796,59944,42360,31088,24081,74680,83079,27633,82234,53544,26436,48761,4721,41104,20048,28013,10685,26759,13,'PR01','PR02','PR03','PR04','PR05','PR06','PR07','PR08','PR09','PR10',11,negative,Menschenschmuggler,,,,,,,,,,,,,,,,,,,,,,,,14,7,4,6,82,20,,,,,,,,,,,,,,,,,,,,,,133,,2021-03-03 10:16:52,0,0,6,6,25,23,1.4,28
235,,,person_img,interview,2021-03-03 10:22:33,Ja,,Ja ich spreche Deutsch auf muttersprachlichem Niveau.,,,0,17431,32949,18515,32570,45667,54946,6711,65114,30677,53313,44141,37176,66472,15760,8552,73547,1372,67606,52683,15124,16,'PR01','PR02','PR03','PR04','PR05','PR06','PR07','PR08','PR09','PR10',11,neutral,Hausangestellte einer reichen taiwanesischen Unternehmerfamilie.,den Verkauf von künstlichen Blumen.,immer ihre Meinung zu sagen.,freundlich und humorvoll.,Lehrerin in einer Schule für sozial benachteiligte Kinder.,Lageristin.,Geschäftsführerin in einer Werbeagentur.,vertrauenswürdig und verbindlich.,ein sehr fröhlicher Charakter.,verantwortungsbewusste Frau.,lacht viel.,ist eher misstrauisch und hinterfragt vieles.,kontert stets mit einer schlagfertigen Antwort.,fühlt sich nicht wohl.,ist besorgt.,freut sich darauf ihre Enkel bald wiederzusehen.,hat Augenprobleme und trägt daher eine getönte Brille.,hört aufmerksam zu.,hat eine positive Grundeinstellung.,denkt viel über Probleme nach.,,,,,44,20,8,48,65,75,87,11,10,100,22,47,21,20,11,17,61,41,17,17,27,48,17,20,20,12,,886,,2021-03-03 10:37:19,1,0,26,26,4,1,0.88,8
236,,,person_img,interview,2021-03-03 10:23:20,Ja,,Ja ich spreche Deutsch auf muttersprachlichem Niveau.,,,0,41820,10564,41411,76957,49901,55345,81557,33755,12233,60794,68662,76725,44437,46974,1861,83057,65057,49877,73147,67750,15,'PR01','PR02','PR03','PR04','PR05','PR06','PR07','PR08','PR09','PR10',12,positive,,,,,,,,,,,,,,,,,,,,,,,,,2,4,3,1,,,,,,,,,,,,,,,,,,,,,,,,10,,2021-03-03 10:23:30,0,0,4,4,0,0,2.21,242
237,,,person_img,interview,2021-03-03 10:24:36,Ja,,Ja ich spreche Deutsch auf muttersprachlichem Niveau.,,,1,57266,57217,19549,1585,78483,40846,52338,11540,21832,48761,59756,37697,25172,64483,71366,48227,42025,37529,60282,42240,18,'PR01','PR02','PR03','PR04','PR05','PR06','PR07','PR08','PR09','PR10',12,negative,,,,,,,,,,,,,,,,,,,,,,,,,33,12,5,20,,,,,,,,,,,,,,,,,,,,,,,,70,,2021-03-03 10:25:46,0,0,4,4,0,0,0.72,0
238,,,person_img,interview,2021-03-03 10:33:29,Ja,,Ja ich spreche Deutsch auf muttersprachlichem Niveau.,,,1,32570,7638,41796,11697,77247,74827,54158,28889,49603,6715,31351,36581,8757,16535,85686,65037,3684,22481,30721,63621,25,'PR01','PR02','PR03','PR04','PR05','PR06','PR07','PR08','PR09','PR10',12,neutral,Kranfahrer ,Schwarzarbeit,Tupperparties zu veranstalten,Teamfähig ,Monteur,Tierpflegerin,Biologischer Gutachter,Guter Tennisspieler,Lehrer für viele,Koryphäe auf ihrem Gebiet,Hatte fünf Kinder,War als Schauspielerin tätig,Hatte einen Doktor in Neurowissenschaften,Feiert gern bis in die Puppen,Arbeitet als Textilingenieurin,Kann gut Plätzchen backen,Engagiert sich politisch,Besitzt ein Gut,Kümmert sich um Alte und Kranke,Ist ein bekannter Musiker,,,,,5062,9,3,49,16,55,10,18,30,13,12,22,20,7,5,12,17,14,9,22,14,14,15,17,21,5,,448,,2021-03-03 12:05:00,1,0,26,26,4,1,1.49,31
240,,,person_img,interview,2021-03-03 10:33:59,,,,,,,,,,,,,,,,,,,,,,,,,,,,,,,,,,,,,,13,negative,,,,,,,,,,,,,,,,,,,,,,,,,4,,,,,,,,,,,,,,,,,,,,,,,,,,,4,,2021-03-03 10:34:04,0,0,1,1,,,3,188
243,,,person_img,interview,2021-03-03 10:52:35,Ja,,Ja ich spreche Deutsch auf muttersprachlichem Niveau.,,,1,80900,31645,18849,38047,40481,26436,8508,5959,9463,6711,1861,15124,55345,29200,65204,42360,28901,54946,9746,73721,19,'PR01','PR02','PR03','PR04','PR05','PR06','PR07','PR08','PR09','PR10',14,negative,Broker bei einer großen Aktiengesellschaft die Rüstungsunternehmen unterstützt und für dubiose Machenschaften berüchtigt ist.,sie indigenes Kunsthandwerk aufgekauft und als eigenes weitervermarktet hat. ,Kinder unfreundlich zu behandeln und hinter dem Rücken ihrer Nachbarn Gerüchte zu verbreiten.,ein unbeliebter Hanswurst der keine Freunde hatte und jüngere Kinder hänselt.,Vorsitzender eines Massentierhaltungsbetriebs mit angeschlossener Großschlachterei.,Nutte auf der Reeperbahn.,Dealer für illegale chemische Drogen.,pflichtbewusster Ortsvorsteher wobei er zu Hause Gewalt an Frau und Kindern übte.,zickige Kuh die alle herumkommandiert.,eine gierige alte Schnepfe die gelegentlich antisemitische Äußerungen machte.,hat einen sehr schlechten Modegeschmack.,kocht ungesundes und furchtbares Essen.,wurde dabei erwischt wie sie ihre Kinder misshandelt.,lügt wie gedruckt.,hat keine Manieren und riecht streng.,hasst Kinder und beschimpft alte Menschen auf der Straße.,ist ein vorbestrafter Attentäter.,ist gegen Abtreibung und Mitglied der AFD.,ist in jungen Jahren zum Massenmörder geworden.,ist eine russische Spionin die eng mit Kim Jong Un zusammenarbeitet.,,,,,2,2,2,1,65,68,67,26,28,49,39,23,46,32,1,48,26,25,9,26,45,21,17,14,36,2,,720,,2021-03-03 11:04:36,1,0,26,26,4,1,1.31,66
244,,,person_img,interview,2021-03-03 10:52:46,Ja,,Ja ich spreche Deutsch auf muttersprachlichem Niveau.,,,1,6140,80252,83517,35309,16550,19412,79303,75202,19341,58093,38242,12233,70717,53739,75746,28013,59168,33283,12189,33882,20,'PR01','PR02','PR03','PR04','PR05','PR06','PR07','PR08','PR09','PR10',14,positive,Pflegekraft,Sie Gutes tut,Andere zu motivieren ,Lustig ,Therapeutin ,Bäcker,Erzieherin ,Emotional intelligent ,Sozial,Hilfsbereit ,Hat eine gute Energie ,Ist ein guter Vater,Liest gerne vor,Kocht wie meine Oma,Kann verständlich erklären ,Kann sich alles merken ,Versteht komplexe Zusammenhänge ,Hat Geschmack ,Macht mich glücklich ,Erinnert mich an eine Person die ich gerne mag,,,,,20,13,5,37,34,14,24,15,9,18,21,20,19,28,2,32,18,29,14,14,16,23,16,10,20,3,,474,,2021-03-03 11:00:40,1,0,26,26,4,1,1.4,27
246,,,person_img,interview,2021-03-03 11:11:40,,,,,,,,,,,,,,,,,,,,,,,,,,,,,,,,,,,,,,15,positive,,,,,,,,,,,,,,,,,,,,,,,,,13,,,,,,,,,,,,,,,,,,,,,,,,,,,13,,2021-03-03 11:11:53,0,0,1,1,,,1.46,23
247,,,person_img,interview,2021-03-03 11:35:28,Ja,,Ja ich spreche Deutsch auf muttersprachlichem Niveau.,,,1,6651,85082,68223,21822,24347,53544,1329,64000,50042,24701,16287,67606,23324,45667,58498,28630,44437,83063,56924,74568,21,'PR01','PR02','PR03','PR04','PR05','PR06','PR07','PR08','PR09','PR10',15,neutral,wissenschaftlicher Mitarbeiter in einem Abgeordnetenbüro,mehrere wechselnde Beschäftigungsverhältnisse im Baugewerbe,die Maschinen auf dem Gut ihrer Familie zu warten,Liebhaber frischer Miesmuscheln,Tresenkraft in einem Lotto-Toto-Laden,Bergführer auf der Zugspitze,Oberoffizier auf einem Unterseeboot,Bewohner des östlichen Landkreises,jemand der in seiner Jugend eine Death-Metal-Band in einem Jugendverein gründete,überdurchschnittlich groß,stand werktags oft zu unterschiedlichen Zeiten auf,besuchte letzte Woche einen Hautkrebsvorsorge,wollte in den 80er Jahren eine Wohnung in Bristol mieten,las im Dezember einen Blogartikel über schreckliche Gewalttaten in Kriegsgebieten,durfte Beginn des 20. Jahrhunderts als erster Junge des Dorfes die Waldweihnacht eröffnen,schläft,isst,weiß dass ich heute morgen vergessen habe Zähne zu putzen.,möchte in zehn Jahren Mutter von Drillingen geworden sein,weiß dass ihr Nachbar ein bösartiger scheußlicher schlechter Mensch ist.,,,,,2,5,2,2,60,35,49,34,31,23,27,41,43,51,3,27,24,27,40,41,7,11,21,17,27,2,,652,,2021-03-03 11:46:20,1,0,26,26,4,1,1.3,55
248,,,person_img,interview,2021-03-03 11:47:57,Ja,,Ja ich spreche Deutsch auf muttersprachlichem Niveau.,,,1,78876,31005,22469,17431,17976,78859,16660,28248,2287,49368,846,4883,14316,1314,48534,73779,41972,51234,85669,49901,22,'PR01','PR02','PR03','PR04','PR05','PR06','PR07','PR08','PR09','PR10',16,positive,Lehrerin,den Verkauf von selbstangebautem Gemüse auf dem Wochenmarkt,auf Parties eine besondere Stimmungskanone zu sein,stets freundlich und höflich,Projektmanagerin in einem Kunstmuseum,Erntehelferin,Thekenkraft,sehr elegant und stets nach der neuesten Mode gekleidet,freundlich aber zurückhaltend,sehr genau hinterfragend,trug gern auf Poetry Slams selbstgeschriebene Gedichte vor,trinkt jeden Morgen als Erstes einen Espresso um wach zu werden. ,ist viel unterwegs und gern auf Reisen,ist ein fröhliches Kind,singt gern alte Evergreens auf Parties vor,betreibt schon seit Jahrzehnten Bienenzucht,ist auf dem Überwachungsvideo zu sehen,denkt nach,feiert Karneval und freut sich,genießt die sonne,,,,,4,10,6,36,38,17,34,15,13,28,14,12,15,12,3,20,22,35,9,23,23,33,3711,17,9,9,,479,,2021-03-03 12:57:25,1,0,26,26,4,1,1.35,27
249,,,person_img,interview,2021-03-03 11:50:23,Ja,,Ja ich spreche Deutsch auf muttersprachlichem Niveau.,,,2,68662,3403,8757,2439,59756,31470,40427,30609,56924,42360,41972,65037,58537,49877,56312,85082,5959,78876,54158,32971,34,'PR01','PR02','PR03','PR04','PR05','PR06','PR07','PR08','PR09','PR10',16,neutral,Staatsanwalt in der Staatsanwaltschaft Stuttgart,sie Waren aus dem Internet bestellte und zu höheren Preisen verkaufte,die Besten Fischbrötchen in ganz Flensburg zu machen,genügsam und warmherzig,Bäckereifachverkäuferin,Ansager von Boxkämpfen,Assistenz der Geschäftsleitung eines kleinen mittelständischen Betriebs,,,Vorbild für Kindergartenkinder,,,,,,,,,,,,,,,17096,4,4,33,134,62,38,42,30,25,26,30,,,,,,,,,,,,,,,,356,,2021-03-03 16:42:27,0,0,12,12,0,0,0.75,2
250,,,person_img,interview,2021-03-03 11:50:36,Ja,,Ja ich spreche Deutsch auf muttersprachlichem Niveau.,,,1,67254,76957,82189,80075,52205,81557,38968,70174,48720,83057,37611,35706,41104,15760,11810,75710,50122,43229,47780,26925,23,'PR01','PR02','PR03','PR04','PR05','PR06','PR07','PR08','PR09','PR10',16,negative,,,,,,,,,,,,,,,,,,,,,,,,,37,24,6,57,,,,,,,,,,,,,,,,,,,,,,,,106,,2021-03-03 11:52:40,0,0,4,4,0,0,0.45,0
252,,,person_img,interview,2021-03-03 11:54:21,Ja,,Ja ich spreche Deutsch auf muttersprachlichem Niveau.,,,1,10685,50744,74857,4721,34158,84596,76725,48044,78158,44347,53229,55433,59201,30013,61215,32971,14931,54264,68959,56437,24,'PR01','PR02','PR03','PR04','PR05','PR06','PR07','PR08','PR09','PR10',17,neutral,,,,,,,,,,,,,,,,,,,,,,,,,5,4,2,22,,,,,,,,,,,,,,,,,,,,,,,,33,,2021-03-03 11:54:54,0,0,4,4,0,0,1.85,54
253,,,person_img,interview,2021-03-03 12:29:09,Ja,,Ja ich spreche Deutsch auf muttersprachlichem Niveau.,,,1,58537,66900,46689,63538,766,59595,80206,30491,74406,69791,32877,65114,66472,68662,34498,4685,41172,47113,69879,43133,27,'PR01','PR02','PR03','PR04','PR05','PR06','PR07','PR08','PR09','PR10',17,negative,Putze.,Kinderfotos auf ebay versteigerte.,Leute auszurauben.,ein Anhänger von Greta Thunberg.,Klimaaktivist.,Sklave.,Zuhälter.,jemand der in seiner Freizeit nicht die Finger vom Koks lassen kann.,geistig behindert.,fett und hässlich.,denkt dass CO2 den Klimawandel verursacht.,ist der Meinung dass batteriebetriebene Autos umweltfreundlich sind.,ist eine Feministin die denkt dass sie in jeder Hinsicht benachteiligt ist.,ist der Meinung dass es mehr als 2 biologische Geschlechter gibt.,ist Links.,ist ein Anhänger des kommunistischen Regimes in China.,denkt dass Kommunismus die Lösung der heutigen Probleme sind.,ist für Gewalt gegen Leute die eine andere Meinung haben.,denkt dass das Korona Virus nicht aus dem Labor in Wuhan stammt.,ist weiß.,,,,,2,5,3,3,36,19,28,25,33,15,13,13,44,10,10,23,27,39,40,10,29,48,25,43,23,9,,575,,2021-03-03 12:38:44,1,0,26,26,4,1,1.27,40
254,,,person_img,interview,2021-03-03 12:51:55,,,,,,,,,,,,,,,,,,,,,,,,,,,,,,,,,,,,,,18,negative,,,,,,,,,,,,,,,,,,,,,,,,,9,,,,,,,,,,,,,,,,,,,,,,,,,,,9,,2021-03-03 12:52:04,0,0,1,1,,,2.11,56
255,,,person_img,interview,2021-03-03 13:18:17,Not answered,,,,,,,,,,,,,,,,,,,,,,,,,,,,,,,,,,,,,18,positive,,,,,,,,,,,,,,,,,,,,,,,,,3,5,,,,,,,,,,,,,,,,,,,,,,,,,,8,,2021-03-03 13:18:25,0,0,2,2,100,100,2.1,138
256,,,person_img,interview,2021-03-03 13:30:34,Ja,,Ja ich spreche Deutsch auf muttersprachlichem Niveau.,,,1,32537,48130,11717,27526,83079,51167,31470,45160,22779,82479,23249,32066,60794,81932,81622,44773,45377,3802,46974,13364,28,'PR01','PR02','PR03','PR04','PR05','PR06','PR07','PR08','PR09','PR10',18,neutral,,,,,,,,,,,,,,,,,,,,,,,,,32,5,2,28,,,,,,,,,,,,,,,,,,,,,,,,67,,2021-03-03 13:31:41,0,0,4,4,0,0,1.13,15
258,,,person_img,interview,2021-03-03 13:33:14,Ja,,Ja ich spreche Deutsch auf muttersprachlichem Niveau.,,,1,30609,83398,23810,33755,53313,17997,73147,2833,61893,40246,51269,37017,77994,39531,24281,65057,38300,13774,9875,41541,29,'PR01','PR02','PR03','PR04','PR05','PR06','PR07','PR08','PR09','PR10',19,neutral,Fachangestellter bei einer großen Versicherung.,das Schreiben von Zeitungsartikeln.,in der Regierung tätig zu sein.,aus Lateinamerika stammend.,Prokuristin einer Bank.,Reiseverkehrskauffrau.,Lebensmittelhändlerin.,,aus dem Norden des Landes stammend.,,war Mitglied der Freiwilligen Feuerwehr.,war 180m groß.,war bekannt für ihre Vorträge.,war im Fernsehen zu sehen.,arbeitete in einer Bäckerei.,war im Krankenhaus tätig.,wurde in den lokalen Parteivorstand gewählt.,interessierte sich für Literatur.,war Koch.,war interessiert an griechischer Mythologie.,,,,,27,14,4,25,53,81,18,42,34,32,61,15,59,21,9,34,13,90,14,33,18,22,31,12,17,16,,730,,2021-03-03 13:46:29,1,0,26,26,13,9,0.91,7
259,,,person_img,interview,2021-03-03 13:37:47,Ja,,Ja ich spreche Deutsch auf muttersprachlichem Niveau.,,,1,15995,8552,39553,74784,31934,20226,85606,46781,74680,9492,47023,32192,40183,55865,24081,40427,27513,36361,36927,20048,30,'PR01','PR02','PR03','PR04','PR05','PR06','PR07','PR08','PR09','PR10',19,negative,Prostituierte und bestahl ihre Kunden nachdem sie sie mit K.O.-Tropfen willenlos gemacht hatte.,das Verbreiten von Unwahrheiten und Gerüchten über soziale Netzwerke im Auftrag eines totalitären Staates.,dass sie ständig an allem herumnörgelte und immer sehr unfreundlich war.,ein Blender der seinen angeblichen Erfolg einfach erfunden hat.,Mafia-Handlanger.,Lagerarbeiterin ohne Ausbildung.,schlecht bezahlte Aushilfskraft und war sehr unzuverlässig.,oberflächlich und auf Äußerlichkeiten bedacht.,grausamer und verbitterter alter Mann.,absoluter Looser dem nie etwas gelang.,habe ich in sehr schlechter Erinnerung.,fiel durch die Verbreitung von Verschwörungstheorien auf.,hat sich nie an getroffene Vereinbarungen gehalten.,war eine links-grün versiffte Sozialromantikerin mit Spät-68er-Allüren.,war ein völkischer Neo-Nazi und fiel mehrfach durch rüpelhafte Pöbeleien gegenüber ausländisch gelesenen Menschen auf.,war eine religiöse Fanatikerin die auch angesichts plausibler Argumente an ihrem Dogmatismus festhielt.,war eine gottlose Sünderin die jeglichen Glauben ablehnte und sich über die Orthodoxen häufig lustig machte.,hatte einen antisozialen Charakter und terrorisierte ihre Mitmenschen.,neigte zu ungezügelten Gewaltausbrüchen und hatte auch noch Spaß daran.,war ein unbeschriebenes Blatt und man wusste nie woran man bei ihr war.,,,,,395,30,7,79,143,30,122,90,93,43,45,51,49,46,10,26,49,28,116,81,85,127,57,21,33,32,,1054,,2021-03-03 14:09:15,1,0,26,26,4,1,0.46,0
266,,,person_img,interview,2021-03-03 14:02:56,Ja,,Ja ich spreche Deutsch auf muttersprachlichem Niveau.,,,1,33788,41411,73794,37176,85630,42799,27045,84419,65982,75474,14690,2439,48379,73547,6104,67750,52537,78317,76467,66333,31,'PR01','PR02','PR03','PR04','PR05','PR06','PR07','PR08','PR09','PR10',22,positive,,,,,,,,,,,,,,,,,,,,,,,,,2,4,2,1,,,,,,,,,,,,,,,,,,,,,,,,9,,2021-03-03 14:03:05,0,0,4,4,0,0,2.38,250
267,,,person_img,interview,2021-03-03 14:19:24,Ja,,Ja ich spreche Deutsch auf muttersprachlichem Niveau.,,,1,59944,56950,6766,78929,28930,79400,27633,82538,4846,6943,41820,30677,38931,54427,28836,62084,45403,61906,30595,37124,32,'PR01','PR02','PR03','PR04','PR05','PR06','PR07','PR08','PR09','PR10',22,negative,Kellner in einem Restaurant das ich nie wieder besuchen würde.,sie leichtgläubige Menschen betrügt,ständig über andere zu lästern und immer das Schlechte im Menschen zu sehen,lauter sich selbst gern reden hörender Mensch,,,,,,Verbrecher,,,,,,,,,,,,,,,82,11,3,44,120,36,57,54,79,,,,,,,,,,,,,,,,,,,486,,2021-03-03 14:27:30,0,0,9,9,0,0,0.58,2
269,,,person_img,interview,2021-03-03 15:49:32,Ja,,Ja ich spreche Deutsch auf muttersprachlichem Niveau.,,,1,48794,80075,74680,16535,41736,68223,10685,69837,11839,14690,46013,57566,73794,40289,70971,77367,15995,74884,48386,83238,33,'PR01','PR02','PR03','PR04','PR05','PR06','PR07','PR08','PR09','PR10',23,negative,eine schrecklich unfreundliche Bedienung in einem Restaurant,sie alten Menschen Knebelverträge aufdrückte,dass sie ihre Freunde beklaute,unsympathischer Nachbar,nervige Telefon-Hotline Mitarbeiterin,kleinliche Beamtin,besserwisserischer Informatiker,jemand der oft versuchte witzig zu sein insgesamt aber doch eher unangenehm auffiel,verträumt und weltfremd,nerviger undselbstständiger Kollege,geht mit seinen Kindern viel zu Streng um,kann kein vernünftiges Gespräch führen,muss alles fünf mal erklärt bekommen und versteht es trotzdem noch nicht,geht mit ihrem Lachen jedem auf die nerven,möchte gerne cool sein ist dadurch aber unheimlich oberflächlich,ist schwer von Begriff,ist mehr damit beschäftigt sich auf Instagram selbst darzustellen als ihre Freundschaften zu pflegen,ist zu gutbläubig,denkt wie weiß alles besser,hat immer die schlimmsten Frisuren,,,,,2,5,2,3,141,61,41,24,21,23,27,19,43,12,7,43,12,16,28,33,11,57,15,14,11,17,,590,,2021-03-03 16:01:00,1,0,26,26,4,1,1.26,40
271,,,person_img,interview,2021-03-03 17:08:00,Ja,,Ja ich spreche Deutsch auf muttersprachlichem Niveau.,,,2,22469,40246,19412,16550,68959,64483,14931,13774,37697,8552,21730,31351,1329,27513,30677,30491,28836,69837,1372,33788,39,'PR04','PR06','PR09','PR10','PR02','PR03','PR07','PR08','PR01','PR05',23,positive,Karate-Lehrer.,sie Analysen auf höchstem Niveau erstellte und diese in einfacher Form präsentieren konnte.,immer zu ergründen was die Menschen um sie herum bewegt.,,Referentin für Umweltpolitik.,Clown.,Einkaufshilfe für ältere Menschen.,freundlich und warmherzig.,,jemand der schnell Feuer und Flamme für die Erfolge von anderen war.,war ein warmherziger Familienvater mit einem offenen Ohr für die Sorgen seiner Mitmenschen.,war offen freundlich und anderen immer zugewandt.,war ein neugieriges Kind mit einem starken Entdeckerdrang.,war sehr ordentlich.,kämpfte für die Anliegen ihrer Familie.,war ein ruhiger und gelessener Zeitgenosse.,war aktiv und lebhaft.,war ein einfühlsamer Mensch.,war eine Frontkämpferin für das Gute.,hat Humor.,,,,,2727,86986,2,31,57,34,18,218,24,41,8,61,64,17,29,37,41,15,52,54,13,7,9,18,28,9,,697,,2021-03-04 18:18:00,1,0,26,26,5,1,1.04,18
272,,,person_img,interview,2021-03-03 17:51:36,Ja,,Ja ich spreche Deutsch auf muttersprachlichem Niveau.,,,2,85606,47780,21822,46781,26323,27045,51234,18515,61893,32570,33882,37709,13079,65057,55433,59201,23810,46689,70717,17997,35,'PR01','PR02','PR03','PR04','PR05','PR06','PR07','PR08','PR09','PR10',24,neutral,Technische Zeichnerin,sie als Dolmetscherin für Swahili bei den Olympischen Sommerspielen in Atlanta aushalf.,dass sie im Apnoetauchen mehrere Weltrekorde aufgestellt hatte.,leidenschaftlicher Esser.,Expressbote bei Thurn und Taxis.,Cutterin beim Süddeutschen Rundfunk,Platzanweiserin in der Kölner Philharmonie.,Beispiel für den durchschnittlichen deutschen Mittfünziger.,unaufgeregte Gesprächspartnerin,sie mit dem Fahrrad über die Königsallee fuhr.,lief mit Melanie Kraus um den Kemnader Stausee.,erhielt 4000- DM aus einem Bankirrtum zu ihrem Gunsten.,beobachtete die Lage.,hatte mittags eine Apfeltasche als Nachtisch,plant einen Kurzurlaub am Olympus Mons.,gilt als Erfinder der aerodynamischen Hammerfallbremse,organisiert die nächsten Meisterschaften im Hallenhalma.,fand heraus dass das menschliche Gehör Frequenzen bis zu 20kHz wahrnehmen kann.,wurde während einer Sonnenfinsternis geboren.,hat schon mal einen Onlinefragebogen ausgefüllt um einer Studentin Daten für eine Master-Thesis zur Verfügung zu stellen.,,,,,10,9,7,27,41,92,109,56,42,77,57,127,54,97,8,110,39,20,53,53,36,52,79,74,104,7,,1095,,2021-03-03 18:15:36,1,0,26,26,4,1,0.59,4
273,,,person_img,interview,2021-03-03 19:44:30,Ja,,Ja ich spreche Deutsch auf muttersprachlichem Niveau.,,,2,31645,44773,766,51115,6651,50744,81557,10162,36649,77994,53058,80206,26759,38242,66472,46013,23324,34158,61215,30013,36,'PR01','PR02','PR03','PR04','PR05','PR06','PR07','PR08','PR09','PR10',24,positive,,,,,,,,,,,,,,,,,,,,,,,,,4,4,4,1,41,12,9,12,2,3,2,1,1,0,5,5,1,0,2,,,,,,,,,109,,2021-03-03 19:46:19,0,0,19,19,88,87,2.57,293
274,,,person_img,interview,2021-03-03 20:03:17,Ja,,Ja ich spreche Deutsch auf muttersprachlichem Niveau.,,,2,46974,22779,40846,74857,38968,12233,64000,65982,48761,19549,84596,45403,50042,67606,69791,27633,48534,7638,45707,36581,37,'PR01','PR02','PR03','PR04','PR05','PR06','PR07','PR08','PR09','PR10',24,negative,,,,,,,,,,,,,,,,,,,,,,,,,15,24,4,31,,,,,,,,,,,,,,,,,,,,,,,,56,,2021-03-03 20:04:32,0,0,4,4,0,0,0.79,3
277,,,person_img,interview,2021-03-04 13:25:01,Ja,,Ja ich spreche Deutsch auf muttersprachlichem Niveau.,,,2,38290,25172,41104,78929,33283,24701,81932,75474,82192,28901,48227,58093,53544,59944,31934,20226,42025,38300,2269,49603,38,'PR01','PR02','PR03','PR04','PR05','PR06','PR07','PR08','PR09','PR10',25,neutral,,,,,,,,,,,,,,,,,,,,,,,,,4,4,2,35,,,,,,,,,,,,,,,,,,,,,,,,45,,2021-03-04 13:25:47,0,0,4,4,0,0,1.77,66
279,,,person_img,interview,2021-03-04 15:35:20,Not answered,,,,,,,,,,,,,,,,,,,,,,,,,,,,,,,,,,,,,26,positive,,,,,,,,,,,,,,,,,,,,,,,,,2,4,,,,,,,,,,,,,,,,,,,,,,,,,,6,,2021-03-04 15:35:26,0,0,2,2,100,100,2.25,225
289,,,person_img,interview,2021-03-05 13:26:33,Ja,,Ja ich spreche Deutsch auf muttersprachlichem Niveau.,,,2,56950,84646,4721,55345,57801,40481,63538,83079,43229,1585,30721,48044,3124,6140,83063,36927,48720,18849,82189,15760,0,'PR01','PR02','PR03','PR04','PR05','PR06','PR07','PR08','PR09','PR10',28,neutral,Fachkraft in der Finanzwirtschaft.,sie Kartoffeln und Spargel auf dem Markt verkaufte.,morgens um genau 8 Uhr das Haus mit einem lauten Jodeln zu verlassen. ,ein Mann ohne besondere Eigenschaften.,Fischbrötchenverkäufer.,Touristenführer und zeigte internationalen Besuchern seine Stadt.,Zeitungsausträger weil dies mit der Schule gut vereinbar war. ,guter Kunde bei der örtlichen Bäckerei da er immer seine WG mit Brötchen versorgte.,eine Malerin aus Süddeutschland.,Bindeglied zwischen dem Betriebsrat und der Arbeitgebervertretung.,hatte eine gelbe Zahnbürste und einen roten Schal. ,ging über die Straße und kaufte sich ein Eis.,lachte über die Zeichnungen auf der Witzseite.,kam um die Ecke und rannte schnell dem wegfahrenden Bus hinterher. ,lebte seit 15 Jahren in einem kleinen Häuschen direkt am Strand. ,kam in die Straßenbahn und setzte sich auf einen freien Platz.,führte ihren Hund im Park spazieren. ,wurde von einem herabfallenden Blatt an der Wange gestreichelt. ,schlenderte durch die Fußgängerzone. ,stieg in ein Taxi zum Flughafen. ,,,,,3,5,2,13,32,40,23,34,50,45,31,33,34,60,5,21,10,48,15,24,20,26,19,34,23,8,,658,,2021-03-05 13:37:31,1,0,26,26,4,1,1.13,21
290,,,person_img,interview,2021-03-05 14:56:18,Ja,,Ja ich spreche Deutsch auf muttersprachlichem Niveau.,,,2,45667,57057,57266,79303,44347,73547,66900,85686,32877,67254,41820,45377,70174,4685,85906,54362,9746,37017,6766,9463,1,'PR01','PR02','PR03','PR04','PR05','PR06','PR07','PR08','PR09','PR10',28,negative,unnützer BWLer der nur andere Leute rumkommandiert ohne wirklich Ahnung zu haben.,sie mit Drogen und Waffen handelt.,ihre Mitmenschen zu mobben,egozentrischer Lügner,Politiker bei der AfD,Influencer ,Ärztin den sie allerdings sehr schlecht ausgeführt hat.,besonders respektlos gegenüber Frauen und Kindern,unreifer Junge,unreflektierter Nazi,ist ein egozentrischer Egomane der sich selbst über alle stellt,hat noch nie etwa von Respekt und Hilfsbereitschaft gehört,diskriminiert Behinderte,denkt nur an Geld und die an ihre Mitmenschen,hasst andere Menschen,kümmert sich nicht um ihre Mitmenschen,verhält sich gegenüber Mitmenschen respektlos und egozentrisch,kann sich nicht in andere hineinversetzen und verletzt durch die mangelnde Emapthie andauens ihre Mitmenschen,behauptet dass man die Sonne wegen der Klimakrise verklagen sollte,ist ein menschenverachtender Fiesling,,,,,27,10,3,3,49,35,19,38,50,19,92,37,55,12,6,31,16,12,18,23,9,26,30,54,28,6,,638,,2021-03-05 15:08:06,1,0,26,26,4,1,1.13,23
291,,,person_img,interview,2021-03-06 11:18:58,Ja,Das war Maren :),Ja ich spreche Deutsch auf muttersprachlichem Niveau.,,,2,30595,53229,52338,28889,34498,47023,12189,43243,53313,66333,76467,83517,37529,20048,40183,26652,23360,20973,1314,59595,2,'PR01','PR02','PR03','PR04','PR05','PR06','PR07','PR08','PR09','PR10',28,positive,Gesangscoach.,sie Blumen verkaufte. ,dass sie immer nett war. ,enthusiastisch. ,Erzieher. ,Chorleiterin. ,Journalistin. ,unkompliziert. ,gut strukturiert. ,Optimistin. ,war weise. ,war fokussiert. ,war positiv ueberrascht. ,geniesst ihr Leben. ,war zufrieden.,war konzentriert. ,ist gluecklich.,hat einen Plan gefasst. ,lacht aus vollem Herzen.,hat viel Lebenserfahrung.,,,,,321,108,14,111,37,33,69,9,15,13,24,22,10,10,6,10,7,25,13,9,9,22,8,11,18,30,,459,,2021-03-06 11:35:03,1,0,26,26,0,0,1.43,31
294,,,person_img,interview,2021-03-08 10:29:08,Ja,,Ja ich spreche Deutsch auf muttersprachlichem Niveau.,,,2,49901,29047,82234,53739,61906,63621,70971,48386,65204,47113,22481,32066,4883,9875,48130,51269,85669,24281,2833,65114,3,'PR01','PR02','PR03','PR04','PR05','PR06','PR07','PR08','PR09','PR10',29,positive,Er hat in seiner Heimat die er als Kind hinter sich gelassen hat eine Schule errichten lassen. Er kommt regelmäßg zurück um sich seine Eltern zu besuchen die noch immer in dem Dorf leben.,Sie schreibt eifrig viele wundervolle Bücher.,Sie geht auf die Straße um für ihre Ideale zu kämpfen,Sie trifft sich regelmäßig zum gemeinsamen Lesen und trägt zur Inspiration der Gruppe bei,Er interpretiert Kurt Cobain songs auf der Straße das inspiert viele Zuschauer zum Musik machen,Er zieht die krassesten Kickflips über die Box.,Er macht das beste Essen weit und breit.,Die Person galt als ein verständnisvoller Gesprächspartner.,Die Person wir,Sie hat keine schlechten Manieren zu Tisch,,,,,,,,,,,,,,,10,12,4,43,213,354,198,25,73,53,247,36,60,18,,,,,,,,,,,,,,468,,2021-03-08 10:51:34,0,0,4,14,0,0,0.6,4
295,,regard_imgbased,person_img,pretest,2021-03-08 11:19:32,Ja,,Ja ich spreche Deutsch auf muttersprachlichem Niveau.,,,2,76725,41541,41172,846,33755,43133,74406,73779,39531,24081,48379,14316,58498,60794,70228,52205,3684,41796,59168,77367,4,'PR01','PR02','PR03','PR04','PR05','PR06','PR07','PR08','PR09','PR10',30,positive,allseits beliebte Kellnerin in einer schicken Bar.,er schwierige Datenprobleme löste und der Welt seine Lösungen präsentierte.,ein Buch über seinen Weg zur Erleuchtung geschrieben zu haben.,eine kritische Denkerin mit grandiosem Humor.,Bankkaufmann sein lang ersehnter Traum wurde war.,Tankwart - der nahe Kundenkontakt erfreute ihn und er brachte Licht in das Leben anderer.,weitbekannter Komiker mit absurden und leicht grotesken Witzen.,hoch angesehen für das Imperium das sie erbaute.,einer der fleißigsten Schüler der Klasse.,eine sehr gewissenhafte Frau stets kümmernd um die Personen in ihrem Umfeld.,erfreute durch ihren brillianten Gesang Generationen von Menschen.,war beliebt bei ihrer Arbeit und ihren Kindern eine liebevolle Mutter.,war noch unsicher ob ihres Platzes in der Welt jedoch stand ihr großes bevor.,war stadtbekannt durch ihre liebevolle Art und ihren frechen Humor.,war erfüllt ihre Berufung gefunden zu haben in einer psychedelischen Rockband Bassist zu sein.,war eine wundervolle Rektorin stets bemüht um das Wohl der Lehrer und Schüler.,gab mit ihrer starken Politik vielen unterdrückten Menschen Rückhalt und Kraft.,spielte stundenlang mit ihren Kindern egal wie stressig der Arbeitstag war.,war der stolze Besitzer einer großen Gärtnerei und konnte so ihrer Liebe zu Pflanzen gerecht werden.,wusste in diesem Moment noch nicht dass ihr morgen der Nobelpreis in Mathematik für ihre harte Arbeit zugestellt würde.,,,,,58,22,14,58,57,58,68,25,30,38,61,66,40,25,11,44,36,34,43,65,74,68,38,76,72,11,,1166,,2021-03-08 11:39:24,1,0,26,26,4,1,0.54,0
311,,,person_img,interview,2021-03-15 14:16:56,Not answered,,,,,,,,,,,,,,,,,,,,,,,,,,,,,,,,,,,,,33,negative,,,,,,,,,,,,,,,,,,,,,,,,,43,6,,,,,,,,,,,,,,,,,,,,,,,,,,49,,2021-03-15 14:17:45,0,0,2,2,100,100,0.72,0
313,,,person_img,interview,2021-03-15 14:18:13,Ja,,Ja ich spreche Deutsch auf muttersprachlichem Niveau.,,,2,31005,11540,35318,14316,6943,80252,6715,77513,62084,28248,45160,21832,31088,48379,37176,11697,82538,54946,52205,26925,4,'PR01','PR02','PR03','PR04','PR05','PR06','PR07','PR08','PR09','PR10',34,neutral,Politiker.,sie Strohhüte verkauft.,dass sie immer die Farbe Gelb trug.,herzlich und humorvoll.,Sozialpädagogin. ,Frisör.,Motivations-Coach.,gierig und gerissen.,lustig und optimistisch. ,jemand der genau weiß was er will.,hat immer einen finsteren Blick drauf.,benutzt nur Colgate als Zahnpasta.,wird häufig jünger eingeschätzt.,schließt die Augen beim Singen.,arbeitet 6 Tage die Woche.,möchte gerne Profifussballer werden.,war früher einmal Model.,lebt in Ghana.,hat letzte Woche ihren Job gekündigt.,spielt gerne Brettspiele.,,,,,3,3,5,1,28,26,34,25,11,25,7,13,8,19,2,25,28,19,10,11,10,11,8,11,10,8,,361,,2021-03-15 14:24:14,1,0,26,26,4,1,1.85,66
321,,,person_img,interview,2021-03-15 16:36:58,Ja,,Ja ich spreche Deutsch auf muttersprachlichem Niveau.,,,2,83057,76725,74406,13364,16287,11839,37124,83238,52683,55865,36361,41172,84419,57217,11717,79400,75202,3684,73147,2287,5,'PR01','PR02','PR03','PR04','PR05','PR06','PR07','PR08','PR09','PR10',36,positive,,,,,,,,,,,,,,,,,,,,,,,,,115,15,4,43,45,,,,,,,,,,,,,,,,,,,,,,,126,,2021-03-15 16:40:40,0,0,5,5,33,31,0.6,0
324,,,person_img,interview,2021-03-15 16:40:49,Ja,,Ja ich spreche Deutsch auf muttersprachlichem Niveau.,,,2,74784,78483,33755,26436,8508,23249,32192,73721,59168,80900,29200,41736,16660,77247,51167,28930,60282,16590,71366,10564,6,'PR01','PR02','PR03','PR04','PR05','PR06','PR07','PR08','PR09','PR10',37,negative,Prostituierte bevor sie zu alt wurde.,sie ihren Mann für die Lebensversicherung umbrachte.,sich in der öffentlichkeit zu entblößen. ,durchtrieben und geldgeil.,tyrannischer Machthaber eines Landes.,Sekretärin Hitlers.,Zuhälterin.,gesuchter Kriegsverbrecher aus Afrika.,äußerst oberflächlich und einfältig.,streitsüchtig und dumm.,sieht aus wie eine Islamistin.,wird wegen des Besitzes Kinderpornographischer Inhalte gesucht.,sieht bäuerlich und ungebildet aus.,hat die Haustiere der Nachbarn gegessen.,lebt hungernd und arm in einem abgeschiedenen afrikanischen Dorf.,hat in ihrem Leben nichts geschafft außer viele Kinder zu bekommen.,spioniert für Nordkorea.,hat als Gangmitglied viele Straftaten begangen.,hat ihre Kinder im Wald ausgesetzt.,hat seine Frau geschlagen.,,,,,27,4,2,4,143,68,145,51,66,117,65,36,20,29,8,205,106,39,20,85,61,100,43,78,140,7,,911,,2021-03-15 17:08:40,1,0,26,26,4,1,0.71,12
325,,,person_img,interview,2021-03-15 17:03:55,Ja,,Ja ich spreche Deutsch auf muttersprachlichem Niveau.,,,2,70228,83398,11810,35706,76957,32537,39553,37611,41411,35309,28630,75710,6104,82479,85630,42799,846,78859,9492,44141,7,'PR01','PR02','PR03','PR04','PR05','PR06','PR07','PR08','PR09','PR10',38,neutral,undercover Agent in der Spionageabwehr.,sie in ihrem Laden an der Kasse steht.,Survival und Action Filme zu drehen.,freundlich aber bestimmt.,Manager eines Supermarkts.,Sängerin einer Hochzeitsband.,Programmiererin.,bekannt dafür Vorträge zu halten.,,Frauenrechtskämpferin.,,,,,,,,,,,,,,,59,6,4,16,32,59,41,17,16,18,15,20,39,,,,,,,,,,,,,,,342,,2021-03-15 17:09:37,0,0,13,13,0,0,1.09,11
326,,,person_img,interview,2021-03-15 17:07:32,Ja,,Ja ich spreche Deutsch auf muttersprachlichem Niveau.,,,,,,,,,,,,,,,,,,,,,,,,,,,,,,,,,,,38,positive,,,,,,,,,,,,,,,,,,,,,,,,,3,6,8,,,,,,,,,,,,,,,,,,,,,,,,,17,,2021-03-15 17:07:49,0,0,3,3,0,0,1.5,89
330,,,person_img,interview,2021-03-15 19:08:01,Ja,,Ja ich spreche Deutsch auf muttersprachlichem Niveau.,,,2,69879,17976,3802,15124,24347,44437,40289,77367,75746,78317,81622,73779,56437,67750,50122,6711,28013,24081,39531,41796,8,'PR01','PR02','PR03','PR04','PR05','PR06','PR07','PR08','PR09','PR10',39,neutral,IT-Administrator,sie ein komplexes Problem löste,sich für Menschenrechte einzusetzen,Nachdenklich,Analyst,Lehrerin,Statistiker,Weise,Streng,Immobilienmaklerin,Liest vom Teleprompter ab,Lacht,Sieht nach unten,Sieht in die Ferne,Lacht,Trägt Brille,Trägt Kopftuch,Ist verschwommen,Ist alt,Sieht nach unten,,,,,3,5,4,2,40,27,53,29,14,12,34,19,19,48,8,10,11,24,11,3,7,8,8,4,5,2,,410,,2021-03-15 19:14:51,1,0,26,26,4,1,1.86,86
331,,,person_img,interview,2021-03-15 20:03:56,Ja,,Ja ich spreche Deutsch auf muttersprachlichem Niveau.,,,2,58498,54427,78158,19341,54264,41541,1861,38047,85279,48794,43133,74827,49368,17431,27526,66151,52537,32949,60794,63170,9,'PR01','PR02','PR03','PR04','PR05','PR06','PR07','PR08','PR09','PR10',40,neutral,Tischler.,,,,,,,,,,,,,,,,,,,,,,,,25,4,2,3,28,,,,,,,,,,,,,,,,,,,,,,,62,,2021-03-15 20:04:58,0,0,5,5,0,0,1.76,77
332,,,person_img,interview,2021-03-15 21:27:34,Ja,,Ja ich spreche Deutsch auf muttersprachlichem Niveau.,,,2,63538,37017,23360,74568,6140,36927,56950,43243,68662,26759,84419,18515,28901,42240,69879,32192,41787,38931,4846,75746,10,'PR01','PR02','PR03','PR04','PR05','PR06','PR07','PR08','PR09','PR10',40,positive,Zugbegleiter der nie etwas anderes tun wollte.,Sie andere menschen zum lachen brachte.,Wie intelligent sie war und wie gut sie mit computern umgehen konnte.,Liebevoller idealistischer sportlicher junger typ.,Detektiv.,Krankenschwester ,Sekretärin.,Gemütlicher Träumer.,herzliche bestimmte führungskraft.,Wäre sie von einem stern der liebe entsandt.,Hatte gerade das geilste erlebnis ihres lebens und kann nicht aufhören davon zu reden.,Hat eine Menge Spaß und ist voll konzentriert.,Leistet großartiges mit dieser art von denkarbeit. ,Ist sehr begeistert von erdbeeren.,Hat Geburtstag und freut sich über den kuchen.,Freut sich über ihr enkelkind was sie lange nicht gesehen hat.,Ist sehr sportlich und Hat große lust joggen zu gehn.,Ist so gut in wow dass sie eine meisterschaft gewonnen hat.,Hat Freundinnen mit denen sie viel spass hat und alles teilen kann.,Ist berühmte pianistin und große liebhaberin von farnen.,,,,,28,19,6,59,220,401,37,91,86,226,22,27,128,194,12,77,56,55,289,109,71,75,80,57,62,25,,1154,,2021-03-15 22:09:26,1,0,26,26,4,1,0.39,0
333,,,person_img,interview,2021-03-16 09:46:38,Ja,,Ja ich spreche Deutsch auf muttersprachlichem Niveau.,,,3,17997,10564,14931,14316,38300,77367,75710,41820,82479,1585,62084,48130,40427,73721,32877,17976,3403,47780,50122,42360,11,'PR01','PR02','PR03','PR04','PR05','PR06','PR07','PR08','PR09','PR10',40,negative,Müllfrau,sie Drogen verkaufte.,,,,,,,,Obdachloser,,,,,,,,,,,,,,,5,3,3,1,61,13,8,,,,,,,,,,,,,,,,,,,,,94,,2021-03-16 09:48:12,0,0,7,7,0,0,2.23,136
336,,,person_img,interview,2021-03-16 10:13:28,Ja,,Ja ich spreche Deutsch auf muttersprachlichem Niveau.,,,3,58093,59201,41972,40183,44437,27633,15995,56924,11540,2269,70717,45160,31351,23324,78158,49368,78317,33788,57801,10162,12,'PR01','PR02','PR03','PR04','PR05','PR06','PR07','PR08','PR09','PR10',41,positive,,,,,,,,,,,,,,,,,,,,,,,,,2,4,4,15,,,,,,,,,,,,,,,,,,,,,,,,25,,2021-03-16 10:13:53,0,0,4,4,0,0,1.71,117
337,,,person_img,interview,2021-03-16 10:14:30,Ja,,Ja ich spreche Deutsch auf muttersprachlichem Niveau.,,,4,57801,22779,45707,11540,33788,67254,66333,85669,73721,44347,42360,48534,8508,12233,14690,40846,84596,31934,19549,10564,38,'PR01','PR02','PR03','PR04','PR05','PR06','PR07','PR08','PR09','PR10',42,neutral,Philosoph und entwickelte einen neuen Ansatz um den Kantschen Imperativ in den Schulen zu lehren,sie andere motivierte bei Sportveranstaltungen laut zu klatschen,anscheinende Bekanntes immer wieder neu in Frage zu stellen,jemand der gern mit anderen Menschen zusammen war,Claquer bei einem Schah-Besuch in West-Berlin,Wissenschaftliche Hilfskraft an einer Universität,Data scientistin,zuverlässig und belastbar,zuverlässig belastbar höflich und zuvorkommend,jemand der differenziert an Probleme heranging und diese von möglichst vielen Seiten beleuchtete,ist eine Kaukasierin aus gutem Hause,war ein ausgebildeter Fachmann und Experte,ist eine absolute Spezialistin auf ihrem Gebiet,konnte sich nicht erinnern warum sie an dieser Befragung teilnehmen sollte,liebte es vor dem Zubettgehen Hörspiele im Radio zu hören,war immer sehr großzügig,war viele Jahre im Ausland gewesen und dort viel über andere Kulturen gelernt,Genoß diesen Tag,konnte sich nie so richtig für einen Entwurf entscheiden und überließ die Diskussion den anderen Teilnehmern,war nicht bei der Sache. ,männlich,58,Mathematik KI-Entwicklung Data Science ein Unternehmen leiten,Not checked,25191,4,3,27,49,26,24,24,15,33,16,8,10,14,7,25,21,15,21,18,12,46,21,32,15,27,8,540,,2021-03-16 17:23:02,1,0,27,27,4,1,1.2,16
338,,,person_img,interview,2021-03-16 10:15:40,Ja,,Ja ich spreche Deutsch auf muttersprachlichem Niveau.,,,3,30609,8552,37176,11697,44347,32971,84596,68959,52338,73794,16660,48534,22779,49877,6766,33283,67254,59756,15124,85630,13,'PR01','PR02','PR03','PR04','PR05','PR06','PR07','PR08','PR09','PR10',42,positive,Baulöwe.,sie Früchte auf dem Mark verkaufte.,dass er Surfer war. ,introvertiert. ,Programmierer. ,PR Managerin. ,Konstrukteur. ,genervt. ,motiviert und zielstrebig. ,Verlierer.,hat Erfahrung. ,hat eine tolle Stimme. ,gab mir einen guten Rat. ,bleibt immer ruhig. ,blickt auf ein langes Leben zurück. ,feiert gerne. ,tanzt wild. ,genießt eher still. ,hat drei Kinder erzogen. ,lacht gerne. ,,,,,2,5,4,2,31,9,75,11,22,12,16,14,18,8,4,8,8,10,12,17,6,7,13,23,6,9,,352,,2021-03-16 10:21:32,1,0,26,26,4,1,1.97,80
339,,,person_img,interview,2021-03-16 10:26:20,Not answered,,,,,,,,,,,,,,,,,,,,,,,,,,,,,,,,,,,,,42,negative,,,,,,,,,,,,,,,,,,,,,,,,,21,2,,,,,,,,,,,,,,,,,,,,,,,,,,23,,2021-03-16 10:26:43,0,0,2,2,100,100,1.95,50
340,,,person_img,interview,2021-03-16 10:34:05,Ja,,Ja ich spreche Deutsch auf muttersprachlichem Niveau.,,,3,64483,38242,44773,28930,16550,26436,82538,51269,11810,766,38968,82189,78859,6715,77994,1372,36649,67750,49901,73779,14,'PR01','PR02','PR03','PR04','PR05','PR06','PR07','PR08','PR09','PR10',43,neutral,kaufmännischer Angestellter in Berlin in einer Firma die Turbinen herstellt,sie mit Aktien handelte-,kritische Abhandlungen über internationale Staatenbeziehungen zu verfassen.,eine Frau die im Laufe ihres Lebens viele Länder und Gegenden dieser Welt bereist hat.,Busfahrer im Linienverkehr zwischen Schliersee und Miesbach.,Übersetzerin für Reisegruppen.,Kellner den er neben seinem Studium der Wirtschaftswissenschaften ausübte.,eine der ältesten Frauen der Welt.,Wunderkind mit einer für ihr Alter einmaligen Virtuosität im Geigenspiel.,Sportmanager der sich einen guten Namen in der Tennisszene gemacht hat.,hatte 2010 einen Oscar als beste männliche Nebenrolle erhalten.,ist ein erfolgreicher Verkäufer von Neu- und Gebrauchtwaren in einem großen Autohaus in Herne.,hatte als Kind einen Hausausschlag im Gesicht.,ist ein beliebter Prediger in der baptistischen Kirche in Chicago.,beeindruckt durch ihre Fröhlichkeit und ist eine äußerst beliebte Pflegerin in einem Altenheim.,wird als bekannte und erfolgreiche Schauspielerin seit Jahren von Papparazzis verfolgt.,hat mittlerweile das Golfspielen zu ihrer Lieblingsbeschäftigung erkoren.,ist Kandidat für den nächsten Literatur-Nobelpreis.,gilt in Indien als Experte für Edelsteine speziell für Diamanten.,liebt von je her schnelle Autos was sich auch in ihrem früheren Beruf als Rennfahrer ausgedrückt hat.,,,,,72,34,8,84,150,85,84,74,73,135,66,63,557,66,17,144,83,70,53,69,129,92,61,77,102,19,,1324,,2021-03-16 11:15:12,1,0,26,26,4,1,0.31,0
341,,,person_img,interview,2021-03-16 10:44:57,Ja,,Ja ich spreche Deutsch auf muttersprachlichem Niveau.,,,3,23249,6711,41796,74680,80900,53229,3124,13364,55433,21730,27526,28630,48720,20226,2287,70971,81622,74884,28836,6651,15,'PR01','PR02','PR03','PR04','PR05','PR06','PR07','PR08','PR09','PR10',43,positive,erfahrener Universitätsprofessor im Bereich Naturwissenschaft. ,sie andere kompetent beraten hatte. ,das sie gut andere Menschen betreuen konnte. ,professionell und gut vernetzt. ,fleißige Raumökonomin,zuverlässiger Zeitungsausträger,sorgfältiger Bibliothekar,trumpesk erfolgreich,gutherzig und warm,wortgewandt,hört passioniert Rap,weiß was sie will,ist bodenständig in ihrer Lebensphase angekommen,spielt erfolgreich Lotto,ist attraktiv,folgt erfolgreich ihren Instinken auf ihren Weg zum Glück. ,ist berühmt durch das Fernsehen und besticht durch Weisheit,hat eine gute Körperpflege,ist Überlebenskünstler,hat eine selbstbewusste Auffassung von Männlichkeit,,,,,8,9,4,58,105,26,24,53,26,22,25,19,17,25,7,37,61,29,52,14,43,35,49,35,48,10,,841,,2021-03-16 10:58:58,1,0,26,26,4,1,0.89,7
342,,,person_img,interview,2021-03-16 10:50:58,Ja,,Ja ich spreche Deutsch auf muttersprachlichem Niveau.,,,3,3802,44141,35706,9463,82192,31645,4846,66151,41172,39531,846,54264,21822,57217,42799,17431,23810,46974,54427,85082,16,'PR01','PR02','PR03','PR04','PR05','PR06','PR07','PR08','PR09','PR10',43,negative,gemeiner Trickdieb,sie andere ausbeutete,Steuerhinterziehung zu begehen,hinterlistig und gemein,Bild-Redakteurin,langweilige Kosmetikerin,schlechte Friseurin,selbstverwöhnt und egoistisch,starrsinnig,zu dick,ist egoistisch und gemein,hat Steuern hinterzogen,ist eine Heiratsschwindlerin,kümmerte sich nicht um gute Arbeitsbedingungen,weigerte sich die Wahrheit zu sagen,ist unausstehlich,hat 100 Katzen zu Hause,betrügt das Finanzamt,ist Alkoholiker,ist in betrügerische Machenschaften verstrickt,,,,,8,6,4,37,68,10,16,24,20,37,22,19,14,8,6,20,16,11,32,9,18,10,16,16,21,4,,472,,2021-03-16 10:58:50,1,0,26,26,4,1,1.51,29
343,,,person_img,interview,2021-03-16 10:56:54,Ja,,Nein ich spreche Deutsch nicht auf muttersprachlichem Niveau.,,,,,,,,,,,,,,,,,,,,,,,,,,,,,,,,,,,44,positive,,,,,,,,,,,,,,,,,,,,,,,,,17,12,9,,,,,,,,,,,,,,,,,,,,,,,,,33,,2021-03-16 10:57:32,1,0,3,3,0,0,0.69,2
345,,,person_img,interview,2021-03-16 11:10:39,,,,,,,,,,,,,,,,,,,,,,,,,,,,,,,,,,,,,,44,negative,,,,,,,,,,,,,,,,,,,,,,,,,51,,,,,,,,,,,,,,,,,,,,,,,,,,,51,,2021-03-16 11:11:30,0,0,1,1,,,0.37,0
347,,,person_img,interview,2021-03-16 11:13:28,Ja,,Ja ich spreche Deutsch auf muttersprachlichem Niveau.,,,3,75474,54946,83057,65982,37124,74568,39553,32949,74827,60794,28248,69837,13774,74784,26925,83063,63621,5959,11717,22481,17,'PR01','PR02','PR03','PR04','PR05','PR06','PR07','PR08','PR09','PR10',45,neutral,Skilehrer in einem Urlaubsort in den Alpen.,sie Werbesätze für eine professional services company textete.,dass sie am liebsten für andere kochte.,nicht besonders ausgeglichen aber fair.,Softwareentwickler und freute sich sehr darüber nach dem Studium durchzustarten.,Studentische Hilfskraft in einem Architekturbüro.,Modedesignerin.,jemand der gerne sozial ist in seinem Beruf als Handwerker,kompetent auf dem Gebiet der Archäologie.,stets für alle da.,spielt gerne Computerspiele im Feierabend.,liest gerne Abtenteuerromane,geht gern mit Freunden aus,macht nicht gerne Fotos von sich selbst.,setzt sich für den Naturschutz ein,hat den Weltkrieg überlebt,ist sehr extrovert veranlagt.,ist noch jung und hat viel vor sich,baut gerne Dinge und hat sich das zum Beruf gemacht,lebt in Indien,,,,,32,4,3,12,63,19,50,32,99,24,17,18,45,22,5,15,10,14,19,19,16,14,17,15,11,5,,527,,2021-03-16 11:23:28,1,0,26,26,4,1,1.29,19
348,,,person_img,interview,2021-03-16 11:13:38,Ja,,Ja ich spreche Deutsch auf muttersprachlichem Niveau.,,,3,12189,83238,68223,16590,22469,53058,78929,36581,79400,57057,64000,9746,51115,74406,67606,45403,52537,10685,40289,79303,18,'PR01','PR02','PR03','PR04','PR05','PR06','PR07','PR08','PR09','PR10',45,negative,Mitglied einer Bande von Cyber-Kriminellen.,sie ältere Personen mit Enkeltrick Betrügereien hinters Licht führte,die Nachbarn ständig mit überzogenen Beschwerden zu terrorisieren,verloren und manipulativ.,,,,,,hasserfüllte und verbittert er Charakter mit einer ausgeprägten Abneigung gegen Kinder.,,,,,,,,,,,,,,,30,6,5,20,55,44,46,79,22,,,,,,,,,,,,,,,,,,,307,,2021-03-16 11:18:45,0,0,9,9,0,0,0.8,1
349,,,person_img,interview,2021-03-16 11:13:51,Ja,,Ja ich spreche Deutsch auf muttersprachlichem Niveau.,,,3,19341,29047,80075,24701,48794,80252,42240,28013,56437,69791,66333,50744,54362,30721,65114,73547,15760,81932,27513,9875,19,'PR01','PR02','PR03','PR04','PR05','PR06','PR07','PR08','PR09','PR10',46,negative,,,,,,,,,,,,,,,,,,,,,,,,,67,53,17,16,17,3,19,2,19,1,0,1,2,1,20,18,3,2,12,2,1,3,11,2,1,12,,232,,2021-03-16 11:18:56,1,0,26,26,91,90,2.15,262
353,,,person_img,interview,2021-03-16 11:44:32,,,,,,,,,,,,,,,,,,,,,,,,,,,,,,,,,,,,,,47,positive,,,,,,,,,,,,,,,,,,,,,,,,,25,,,,,,,,,,,,,,,,,,,,,,,,,,,25,,2021-03-16 11:44:57,0,0,1,1,,,0.76,0
356,,,person_img,interview,2021-03-16 11:54:33,Ja,,Ja ich spreche Deutsch auf muttersprachlichem Niveau.,,,3,78876,12233,38047,1861,35309,85669,49603,24081,41411,46013,31470,40481,14690,61893,76467,42025,30491,54158,70174,24281,20,'PR01','PR02','PR03','PR04','PR05','PR06','PR07','PR08','PR09','PR10',48,positive,Rennfahrer,sie Wohnungen vermietete.,dass sie in einer bekannten Fernsehserie mitspielte.,intelligent.,Physikerin,Kindergärtner,Polizist,sehr musikalisch.,gewissenhafter Verwalter.,freundlich und offenherzig.,wartet auf einen wichtigen Auftritt.,ist glücklich.,ist müde nach einem erfolgreichen Workshop.,wird den besten Abschluss der Klasse machen.,ist mit sich im Reinen.,wird die nächste Wahl gewinnen.,ist stark.,hat einen tollen Urlaub.,sieht ein schönes Tennisspiel.,ist ein guter Sänger.,,,,,5,5,2,4,36,47,44,35,13,12,13,9,49,36,5,37,12,42,42,21,30,13,28,17,17,,3,577,,2021-03-16 12:04:10,1,0,27,27,4,1,1.4,32
357,,,person_img,interview,2021-03-16 12:01:00,Ja,,Ja ich spreche Deutsch auf muttersprachlichem Niveau.,,,3,40846,61906,56312,85686,7638,26323,77513,58537,63170,41736,46689,81557,19549,85279,33755,38931,2833,48379,76957,37709,21,'PR01','PR02','PR03','PR04','PR05','PR06','PR07','PR08','PR09','PR10',48,negative,,,,,,,,,,,,,,,,,,,,,,,,,5,6,10,2,26,,,,,,,,,,,,,,,,,,,,,,,43,,2021-03-16 12:01:49,0,0,5,5,33,31,1.81,125
360,,,person_img,interview,2021-03-16 12:12:13,Ja,,Ja ich spreche Deutsch auf muttersprachlichem Niveau.,,,3,73147,41787,30595,51234,3684,6943,85906,37697,34498,59168,1329,38290,47023,59595,32537,16535,26652,18849,37611,58498,22,'PR01','PR02','PR03','PR04','PR05','PR06','PR07','PR08','PR09','PR10',49,negative,,,,,,,,,,,,,,,,,,,,,Not answered,,,Not checked,1,3,1,1,2,0,1,0,0,1,0,1,1,1,1,1,1,0,1,0,1,0,0,1,0,8,2,29,,2021-03-16 12:12:42,1,0,27,27,92,91,2.91,432
361,,,person_img,interview,2021-03-16 12:13:17,Ja,,Ja ich spreche Deutsch auf muttersprachlichem Niveau.,,,3,53544,31088,40246,45707,37529,82234,53313,25172,13079,6104,52205,34158,61215,4721,36361,21832,29200,83079,33882,46781,23,'PR01','PR02','PR03','PR04','PR05','PR06','PR07','PR08','PR09','PR10',49,neutral,,,,,,,,,,,,,,,,,,,,,,,,,2,2,1,1,2,0,1,0,0,0,1,0,1,1,1,1,1,0,0,1,0,0,1,0,1,,,18,,2021-03-16 12:13:35,0,0,25,25,91,90,3,459
362,,,person_img,interview,2021-03-16 12:14:03,Ja,,Ja ich spreche Deutsch auf muttersprachlichem Niveau.,,,3,20973,51167,45667,65204,31934,55345,43133,77247,66900,19412,50042,76725,41104,48761,20048,8757,24347,35318,65057,30013,24,'PR01','PR02','PR03','PR04','PR05','PR06','PR07','PR08','PR09','PR10',49,positive,,,,,,,,,,,,,,,,,,,,,,,,,1,2,2,1,1,1,0,0,1,0,0,1,1,1,1,3,1,0,1,1,0,1,1,0,1,,,22,,2021-03-16 12:14:25,0,0,25,25,91,90,2.96,454
364,,,person_img,interview,2021-03-16 12:15:37,Ja,,Ja ich spreche Deutsch auf muttersprachlichem Niveau.,,,3,45377,66472,55865,85606,74857,28889,11839,27045,48044,16287,2439,48386,9492,41541,43229,4685,32066,31005,65037,78483,25,'PR01','PR02','PR03','PR04','PR05','PR06','PR07','PR08','PR09','PR10',50,neutral,,,,,,,,,,,,,,,,,,,,,Not answered,,,Not checked,2,1,2,1,1,0,1,0,0,1,0,1,0,0,2,1,0,1,0,1,0,0,1,0,1,11,2,30,,2021-03-16 12:16:07,1,0,27,27,92,91,2.89,426
366,,,person_img,interview,2021-03-16 12:17:09,Ja,,Ja ich spreche Deutsch auf muttersprachlichem Niveau.,,,4,7638,26759,80075,28630,83057,75202,20973,23324,50042,55345,55865,16287,37697,6715,57566,36927,74827,26323,27045,23249,29,'PR01','PR02','PR03','PR04','PR05','PR06','PR07','PR08','PR09','PR10',51,negative,Prostituierte was sie zum Drogenhandel brachte.,Versicherungsbetrug beging.,Mädchen in 1. Welt länger zu entführen und dort anzuschaffen.,3-fach Mörder.,,,,,,Ausländerin die nicht in unser Land passt und am besten zurück in ihr Land gehen sollte.,,,,,,,,,,,,,,,1170,11,5,2817,46,27,22,30,19,7,,,,,,,,,,,,,,,,,,206,,2021-03-16 13:26:23,0,0,10,10,13,12,1.03,20
367,,,person_img,interview,2021-03-16 12:24:14,Ja,,Ja ich spreche Deutsch auf muttersprachlichem Niveau.,,,3,83398,1314,8508,53739,71366,57266,84646,4883,30677,48227,75202,60282,83517,57566,59944,32570,70228,52683,47113,80206,26,'PR01','PR02','PR03','PR04','PR05','PR06','PR07','PR08','PR09','PR10',51,neutral,Putzfrau in unserer Firma ich habe sie jeden Morgen an an der Bushaltestelle gesehen.,selbstgebackenen Kuchen auf dem Flohmarkt verkauft hat.,das sie oft zu spät zum Unterricht kam.,etwas schwerhörig das ist aber auch kein Wunder in dem hohen Alter.,er bereits relativ alt war er hatte ein bisschen zu lange studiert.,sie von ihrem Lottoglück erfuhr darauf hat sie gleich ihren Job gekündigt.,Bäckerin das frühe Aufstehen hat ihr aber nicht so gefallen jetzt arbeitet sie im Supermarkt.,etwas hochnäsig der Eindruck hat sich schnell geändert wenn man sie näher kennengelernt hatte.,Arbeitstier der ist immer spät von der Arbeit nach Hause gekommen und am Wochenende fuhr er auch sehr oft ins Büro.,Nervensäge der war immer sehr lebhaft und auch laut beim Spielen.,ist sehr bekannt für ihre Arbeit ein einer politischen Partei.,Ist immer sehr freundlich und grüßt mich immer wenn wir uns begegnen.,war gestern ebenfalls auf dem Wochenmarkt und hat Obst eingekauft.,scheint viel Geld zu haben wenn man sieht was der für eine Nobelkarosse fährt. fährt.,heute früh um sechs Uhr an der Haustür geklingelt und wollte Geld erbetteln.,ist gestern im Supermarkt beim Klauen erwischt worden.,war auch auf der Party und hat sich voll die Kante gegeben.,schon etwas älter ist aber kürzlich nochmal Mutter geworden.,war lange Single bis er endlich die Richtige gefunden hatte.,hatte einen guten Job mit super Bezahlung trotzdem hat er gekündigt um etwas anderes zu machen.,männlich,64,Grafiker,Not checked,35,12,9,66,121,62,69,140,132,140,98,125,124,94,23,84,54,53,133,66,47,33,147,62,107,29,11,1061,,2021-03-16 12:58:51,1,0,27,27,4,1,0.35,0
368,,,person_img,interview,2021-03-16 12:39:22,Ja,Spannende Bilder würde mich wirklich interessieren was man mit den Antworten anfangen kann.,Ja ich spreche Deutsch auf muttersprachlichem Niveau.,,,4,73147,21730,37176,82234,67606,42025,77994,76467,31351,49901,47113,37017,56312,41736,66151,6140,6766,15995,66900,36649,27,'PR01','PR02','PR03','PR04','PR05','PR06','PR07','PR08','PR09','PR10',51,positive,Verkäuferin was ihr verschmitztes lächeln immer noch verrät.,sie durch ihre Olympiateilnahme 2008 in Peking homorige Sponsoren auf sich aufmerksam machte.,das berühmte Gesicht einer Eiscreme-Werbung zu sein.,beste Pantomime auf der Reeperbahn die dafür 2012 die Ehrenbürgerwürde der Hansestadt Hamburg erhielt.,Radiomoderator bevor seine Kultsendung nur 5 Jahre später ins Fernsehen umzog und später sein Leben verfilmt wurde.,Blumenfachverkäuferin wo sie von der Vorbesitzerin den Laden erben konnte und mittlerweile als Geschäftsführerin der grössten Blumenversandkette zu Deutschlands 10 reichsten Selfmade-Millionärinnen gehört.,Tuktuk-Fahrer in Angkor-Wat bis er durch ein vermeintliches Schlagloch brach und dadurch die Höhle der goldenen Buddahs entdeckte.,Sonnenschein der gesamten Abiturklasse.,IT Guru mit seiner Entwicklung der Prorammiersprache "Kobra" die Basis einer sich selbst fortpflanzenden Blockchain geworden ist.,Stimmungsmacher auf jeder Party der durchweg gute Laune verbreitet.,wartet auf seinen grossen Auftritt der Rede zum IPO des von ihm gegründeten Unternehmens.,nimmt an einem Konzentrations-Wettbewerb teil und erhofft sich einen Medaillenplatz.,hat gerade ihre neue Kollektion bei einer Modenschau vorführen lassen und ist jetzt glücklich aber erschöpft.,freut sich auf ein Super-Angelwochenende mit Freunden.,feiert mit ihrer Designer-Kollegin den Erfolg ihrer Doppelshow und die bereits eingegangenen Bestellungen für ihr neue Kollektion.,schmilzt in Gedanken an den geplanten Besuch der Eisdiele gemeinsam mit dem berühmten Eiscreme-Modell dahin.,sinniert über die Wendungen ihres Lebens und hält Ausschau nach den Gästen für ihren 100. Geburstag.,freut sich auf einen tollen Abend in der neuen Roof-top Bar in Hamburg!,wartet bereits in der Roof-Top Bar und glüht mit Aperol Spritz vor.,wartet nach einem langen Arbeitsleben auf den Flieger in den wohlverdienten Ruhestand am Strand von Pattaya.,weiblich,48,Freiberuflerin,Not checked,25,8,4,57,45,34,61,36,50,65,122,85,34,71,7,65,56,60,32,62,57,61,33,44,45,17,57,1193,,2021-03-16 13:00:55,1,0,27,27,0,0,0.55,0
370,,,person_img,interview,2021-03-16 13:08:20,Ja,,Ja ich spreche Deutsch auf muttersprachlichem Niveau.,,,4,77367,74406,79303,54264,37611,85606,21832,41787,30013,43133,39531,30491,40481,53544,30609,26652,44141,59756,43229,21822,28,'PR01','PR02','PR03','PR04','PR05','PR06','PR07','PR08','PR09','PR10',52,positive,Informatikerin,Sie andere Personen auf der Reise und bei Vorträgen inspirierte,dass Sie den besten Kuchen buk.,sehr gläubig,Immobilienmanagerin,Empfangskraft.,Fluglotsin,rücksichtsvoll,freundlich,Ingenieur,hatte ein erfülltes Leben,spielte gerne Tischtennis,schaute gerne Sport im Fernsehen.,war gerade in der Bewerbungsphase.,war Fussballmanager,wurde 1907 geboren,war fröhlich.,arbeitete als Werkzeugmacher,schlief gerne.,war Hebamme.,männlich,36,Sales Manager,Not checked,56,6,3,38,23,21,36,44,13,15,10,10,9,5,9,11,12,14,19,10,25,8,16,12,10,15,19,469,,2021-03-16 13:16:11,1,0,27,27,4,1,1.55,35
372,,,person_img,interview,2021-03-16 13:30:56,Ja,,Ja ich spreche Deutsch auf muttersprachlichem Niveau.,,,4,16535,45377,85630,52205,13774,22469,63538,12189,35318,65037,82538,32537,76725,3124,2269,41172,51115,82189,82479,46689,30,'PR01','PR02','PR03','PR04','PR05','PR06','PR07','PR08','PR09','PR10',53,neutral,Spitzenköchin in einem Couscous-Restaurant.,,,,,,,,,,,,,,,,,,,,,,,,13,5,2,18,120,,,,,,,,,,,,,,,,,,,,,,,158,,2021-03-16 13:33:34,0,0,5,5,0,0,1.23,18
373,,,person_img,interview,2021-03-16 13:32:59,Ja,,Ja ich spreche Deutsch auf muttersprachlichem Niveau.,,,4,38931,31470,28889,766,65114,6943,48794,75746,31005,78876,70174,75710,35706,40183,80252,15124,38047,31645,61215,45160,31,'PR01','PR02','PR03','PR04','PR05','PR06','PR07','PR08','PR09','PR10',53,negative,Lehrer war aber eindeutig eine Fehlbesetzung.,sie gefälschte Markenprodukte verkaufte.,andere zum domnieren.,langweilig bürokratisch und unflexibel.,Vertrieblerin einer Netzwerkmarketing-Firma mit zweifelhaftem Ruf.,CEO war damit aber komplett überfordert.,Privatdozentin zeigte allerdings wenig Engagement.,rechthaberisch und streitsüchtig.,unzuverlässig und unflexibel.,unzuverlässig intrigant und wenig umgänglich.,galt als besonders aggressiv.,war skrupellos und nicht kompromissfähig.,handelte egositisch und war nur auf den eigenen Vorteil bedacht.,wurde als kaltblütig und unberechenbar wahrgenommen.,war als Führungskraft überfordert und konnte keine eigenen Entscheidungen fällen.,galt als brutal und aggressiv.,wurde von ihrem Umfeld als intrigant und einschüchtern wahrgenommen.,wurde langezeit völlig überschätzt.,suchte ständig Streit.,war gewieft genug alle hinters Licht zu führen.,weiblich,47,Design,Not checked,36,13,6,50,71,52,42,23,68,187,38,63,26,20,11,41,51,57,82,152,34,37,48,79,87,22,8,926,,2021-03-16 13:56:23,1,0,27,27,4,1,0.55,0
374,,,person_img,interview,2021-03-16 13:35:29,Ja,Die Tatsache dass die Sätze immer mit *Die* Person beginnen kann eine mangelnde Varianz der Pronomina in den erhänzten Satzteilen nach sie ziehen da sich die Anaphern auf das gramm. Geschlecht des Subjektes und nicht das biolog. Geschlecht der abgebildeten Personen beziehen.,Ja ich spreche Deutsch auf muttersprachlichem Niveau.,,,4,24081,52537,17997,32192,11839,4846,18849,70971,6651,6711,41796,68959,2439,54946,3684,74884,32570,41411,40427,36361,32,'PR01','PR02','PR03','PR04','PR05','PR06','PR07','PR08','PR09','PR10',53,positive,Lehrer.,sie Menschen dabei hilft ihre Träume zu verwirklichen.,den Nobelpreis in Physik gewonnen zu haben.,stets fröhlich aufgeschlossen und abenteuerlustig.,Automechanikerin.,Chemielaborantin.,Streetworker.,verständnisvoll und immer in der Lage sich in das Gegenüber einzufühlen.,ausdrucksstark.,führende Kraft in ihrem Feld.,liest gerade eine sehr erfreuliche Textnachricht.,gewinnt gerade bei eine Computerspiel.,denkt darüber nach für welchen der angebotenen Jobs sie sich entscheiden soll.,ist gerade auf einer Familienfeier und freut sich ihre Tochter nach längerer Zeit wiederzusehen.,ist sehr konzentriert.,sieht immer das Gute in Menschen.,hält gerade das erste Mal einen öffentlichen Vortrag und konnte ihre Angst besiegen.,hat gerade erfahren dass sie im Lotto gewonnen hat.,singt leidenschaftlich gern Karaoke.,hat noch mal einen neuen Studiengang begonnen und ist stolz auf diese Entscheidung.,weiblich,32,Conversation Designer,Not checked,28,5,4,32,17,22,28,59,42,20,22,12,27,12,7,23,27,38,49,14,21,44,25,24,48,23,162,681,,2021-03-16 13:49:24,1,0,27,27,0,0,0.98,10
375,,,person_img,interview,2021-03-16 13:41:25,Ja,,Ja ich spreche Deutsch auf muttersprachlichem Niveau.,,,4,1585,81932,41820,84646,57057,65982,51234,18515,68223,13364,32877,78859,2287,29200,83079,31088,83398,30595,50122,33882,33,'PR01','PR02','PR03','PR04','PR05','PR06','PR07','PR08','PR09','PR10',54,negative,Dealerin,sie gestohlene Uhren weiterverkaufte.,anderen Schlechtes nachzusagen,Verräterin,Inkassoeintreiber,AfD-Geschäftsstellenleiter,Waffenkurierin,Drahtzieherin,unehrlich,Drahtzieher,schlug gerne zu,log häufig,plauderte Geheimnisse aus,redete schlecht über andere,klaute häufig,ließ ihr Tier sterben,aß Pralinen die ihrer Schwester gehörten,fand Klimaschutz scheißegal,fördete rechtes Gedankengut,spuckte immer auf die Straße,männlich,50,Freiberufler,Not checked,28,9,4,22,43,14,125,18,13,26,51,33,16,13,7,23,22,29,28,10,21,51,24,20,31,34,10,725,,2021-03-16 13:53:30,1,0,27,27,4,1,1.02,9
377,,,person_img,interview,2021-03-16 14:41:38,Ja,,Ja ich spreche Deutsch auf muttersprachlichem Niveau.,,,4,69791,27633,81557,33283,54362,79400,26925,13079,74680,56924,61893,38290,69837,53058,46781,77513,60794,48130,61906,57217,34,'PR01','PR02','PR03','PR04','PR05','PR06','PR07','PR08','PR09','PR10',54,positive,Engagierter Reiseleiter ,Sie sich um andere Menschen in der Pflege kümmerte,Anderen Menschen zu helfen,Der Held von namibia,Kinderpfleger,Pralinenverkäuferin,Anästhesist,Zugewandt und verständnisvoll,Lustige faschingsprinzessim,Die fröhlichste Schülerin in der klasse,Schaut bei einem spannenden Spiel zu,Bläst einen Luftballon für ihren Enkel auf,Geht gerne in den kindergarten,Hört aufmerksam zu,Wartet auf den Anfang des theaterstpcks,Singt vor interessiertem Publikum,Erzählt ihren Kindern eine Geschichte zum einschlafen,Freut sich im Zoo an den eisbären,Lacht über ihre enkel,Überlegt wie die jemand anderem helfen kann,weiblich,61,,Not checked,19,7,4,27,32,25,21,17,14,12,39,13,23,34,7,21,22,20,15,19,22,22,18,13,19,10,6,501,,2021-03-16 14:49:59,1,0,27,27,8,4,1.21,13
380,,,person_img,interview,2021-03-16 15:19:41,Ja,,Ja ich spreche Deutsch auf muttersprachlichem Niveau.,,,4,34158,80900,32066,14316,42799,82192,30721,58498,19341,59201,35309,64483,80206,49603,75474,26436,65057,67750,78929,28901,35,'PR01','PR02','PR03','PR04','PR05','PR06','PR07','PR08','PR09','PR10',55,positive,Manager ,sie Häkeldinge verkauft,Musik zu machen,bedacht,IT-Manager,Analystin,Pferdetrainer,mütterlich,technikverliebt,Schwiegervater ,hat ihr Studium gerade erfolgreich beendet,korrigiert gerade einen Programmcode,sieht seinem Enkel beim spielen zu,hat im Lotto gewonnen,sieht sein neues Auto,sieht seiner Frau zu wie sie ihm seinen geburtstagskuchen bringt,hat gleich Bibelstunde,unterrichtet und hört seinen Studenten bei einem Vortrag zu,hält ihren ersten Vortrag,sieht sein erstes gehalt auf dem Konto,weiblich,40,Managerin,Not checked,2,4,3,5,23,21,16,14,27,12,14,13,9,9,5,21,23,12,9,15,21,9,18,16,17,13,5,356,,2021-03-16 15:25:37,1,0,27,27,4,1,1.72,50
382,,,person_img,interview,2021-03-16 15:44:33,Ja,,Ja ich spreche Deutsch auf muttersprachlichem Niveau.,,,4,53313,1372,71366,53739,84419,48386,36581,62084,19412,3802,16660,1329,60282,74857,9875,17976,73547,16590,46013,58093,36,'PR01','PR02','PR03','PR04','PR05','PR06','PR07','PR08','PR09','PR10',56,positive,Sängerin.,,,,,,,,,,,,,,,,,,,,,,,,5,8,3,3,30,,,,,,,,,,,,,,,,,,,,,,,49,,2021-03-16 15:45:22,0,0,5,5,0,0,1.9,92
387,,,person_img,interview,2021-03-16 15:55:59,,,,,,,,,,,,,,,,,,,,,,,,,,,,,,,,,,,,,,58,positive,,,,,,,,,,,,,,,,,,,,,,,,,9,,,,,,,,,,,,,,,,,,,,,,,,,,,9,,2021-03-16 15:56:08,0,0,1,1,,,2.11,56
388,,,person_img,interview,2021-03-16 15:56:39,Ja,,Ja ich spreche Deutsch auf muttersprachlichem Niveau.,,,4,10685,48761,28013,48379,4685,38968,63621,83517,40289,81622,23810,5959,37529,28836,44773,41972,24281,70717,48227,16550,37,'PR01','PR02','PR03','PR04','PR05','PR06','PR07','PR08','PR09','PR10',58,neutral,Schäferin,sie arbeitete,zu singen,,,,,,,Mann,,,,,,,,,,,,,,,4,3,6,7,142,33,24,19,,,,,,,,,,,,,,,,,,,,139,,2021-03-16 16:00:37,0,0,8,8,0,0,1.58,46
391,,,person_img,interview,2021-03-16 17:36:32,Ja,,Ja ich spreche Deutsch auf muttersprachlichem Niveau.,,,4,11697,20226,3403,38300,14931,39553,46974,30677,9492,27513,54158,49877,32971,17431,27526,45667,58537,65204,23360,11810,39,'PR01','PR02','PR03','PR04','PR05','PR06','PR07','PR08','PR09','PR10',59,positive,Rettungssanitäter und half vielen Menschen,sie andere Menschen zum Lachen brachte,sehr großzügig zu sein,frohe Person,Seelsorger,,,,,freundlicher Nachbar,,,,,,,,,,,,,,,21,6,3,14,30,14,41,15,12,37,5,,,,,,,,,,,,,,,,,198,,2021-03-16 17:39:50,0,0,11,11,11,11,1.53,35
392,,,person_img,interview,2021-03-16 17:41:12,Ja,,Ja ich spreche Deutsch auf muttersprachlichem Niveau.,,,4,40246,66472,4883,2833,10162,59944,22481,15760,52683,38242,41104,73779,57266,59595,47780,83063,59168,1314,48044,24701,40,'PR01','PR02','PR03','PR04','PR05','PR06','PR07','PR08','PR09','PR10',59,negative,die schlechteste Lieferanschriften-Fahrerin aller Zeiten sie ließ sich ständig von ihrer Umgebung ablenken.,sie die Arbeit anderer als ihre eigene ausgab um selber nicht arbeiten zu müssen.,einen extrem schlechten Modegeschmack zu haben.,nerdiger Einzelgänger der nie was mit anderen Leuten zu tun haben will.,Professorin war aber eindeutig nicht intelligent genug dafür.,Lieferant im schlechtesten indischen Restaurant der Stadt.,Photoshop-Designerin obwohl sie gar nicht wusste wie man überhaupt Fotos bearbeitet.,sehr kindisch und viel zu mädchenhaft für ihr Alter.,überheblicher Macho der Frauen nicht wertschätzt.,falsche Schlange die immer gekünstelt lacht obwohl etwas gar nicht witzig ist.,roch meist unangenehm nach indischem Essen.,wurde von allen als sehr unheimlich wahrgenommen.,ließ sich nicht gerne fotografieren und ruinierte damit jedes Bild.,sah immer sehr griesgrämig und verbittert aus.,war dafür bekannt sehr schlechte Zähne zu haben.,war so furchtbar schüchtern dass man ihr kein Wort entlocken konnte.,wollte sich einfach nicht eingestehen dass sie kein Talent hat als Basketballspieler.,konnte einfach nicht leise sein und nervte damit ihre Mitmenschen.,war absolut ungeeignet als Fotomodel.,war immer so schlecht gelaunt dass niemand mit ihr zusammenarbeiten wollte.,weiblich,28,Voice User Interface Designerin,Not checked,37,4,3,39,70,48,86,37,41,47,41,49,66,51,10,41,30,67,40,25,52,43,28,42,49,25,4,1075,,2021-03-16 17:59:07,1,0,27,27,4,1,0.67,3
395,,,person_img,interview,2021-03-16 18:17:48,Ja,,Ja ich spreche Deutsch auf muttersprachlichem Niveau.,,,4,78483,8552,1861,42240,52338,85082,77247,69879,32949,28930,37709,76957,83238,29047,49368,54427,43243,55433,9463,85906,41,'PR01','PR02','PR03','PR04','PR05','PR06','PR07','PR08','PR09','PR10',60,positive,Fußballprofi,sie Erfindungen machte,Den besten Abschlag beim Golf zu können.,sehr gut vernetzt,investigativer Journalist,Foto Modell für Mode die sich speziell an ältere Menschen wendete,Kellner in einem 2-Sterne-Restaurant,extrem intelligent was ich in ihrer Schreibweise niederschlug,,sensibel,,,,,,,,,,,,,,,12,8,3,7,28,18,24,20,19,12,20,24,18,3173,,,,,,,,,,,,,,234,,2021-03-16 19:14:15,0,0,14,14,0,0,1.4,24
399,,,person_img,interview,2021-03-16 18:56:15,Ja,Viel Erfolg Angelie Kraft!,Ja ich spreche Deutsch auf muttersprachlichem Niveau.,,,4,64000,78317,8757,53229,70228,63170,56950,25172,846,34498,78158,51167,44437,85279,11717,20048,74568,33755,56437,24347,42,'PR01','PR02','PR03','PR04','PR05','PR06','PR07','PR08','PR09','PR10',62,neutral,Kindererzieher:in,sie programmierte,Witze zu erzählen,scheu,Azubi,Lehrerin,Eisenbahner,ruhig,Frau,Mann,ist verschwommen zu sehen,schaut gerade aus,ist von der Seite zu sehen,schaut nach unten,ist nicht zu erkennen,trinkt ,hat eine Brille,hat die Augen zu,schaut mich an,schaut nach unten,weiblich,55,Marketing,Not checked,23,6,4,14,42,43,31,45,20,33,26,34,32,34,6,23,32,16,21,14,22,13,17,64,13,20,28,676,,2021-03-16 19:07:31,1,0,27,27,0,0,0.98,7
401,,,person_img,interview,2021-03-16 19:34:14,Ja,,Ja ich spreche Deutsch auf muttersprachlichem Niveau.,,,4,66151,42799,50744,4721,6104,30491,45403,74784,68662,9746,64000,85686,47023,48720,37124,73794,48761,51269,41541,28248,43,'PR01','PR02','PR03','PR04','PR05','PR06','PR07','PR08','PR09','PR10',62,positive,als sehr erfolgreiche Kosmetikerin in der Filmbranche,sie Touristen ihren Heimatort zeigte,sie als Richter ein sehr gutes Gespür für die wahren Motive der Täter hatte,sehr unterhaltsam und immer sehr beliebt bei den Kollegen,Assistent der Geschäftsführerin in einer großen Bekleidungskette,Künstlerin in einer Töpferwerkstatt,Lehrerin an einer Sprachenschule in Russland,sehr erfahren in der Planung und Führung von Kleingartenanlagen,Treusorgender großer bruder,überrascht von dem Erfolg seiner Idee,singt seit drei Jahren leidenschaftlich und mit großem Erfolg in einem Chor,kocht ausgezeichnet und liebt es Gäste zu bewirten,,,,,,,,,weiblich,45,IT Managerin,Not checked,92,10,3,20,43,37,26,48,25,44,26,32,39,24,5,38,28,3,1,1,1,2,2,2,2,14,5,573,,2021-03-16 19:43:47,1,0,27,27,35,32,1.52,143
403,,,person_img,interview,2021-03-16 19:38:41,,,,,,,,,,,,,,,,,,,,,,,,,,,,,,,,,,,,,,63,positive,,,,,,,,,,,,,,,,,,,,,,,,,39,,,,,,,,,,,,,,,,,,,,,,,,,,,39,,2021-03-16 19:39:20,0,0,1,1,,,0.49,0
405,,,person_img,interview,2021-03-16 20:02:15,Ja,,Ja ich spreche Deutsch auf muttersprachlichem Niveau.,,,5,82234,21730,33755,2833,38300,58093,45403,63170,77367,78929,78158,65037,16287,51115,16550,59756,41541,22779,41411,29047,44,'PR01','PR02','PR03','PR04','PR05','PR06','PR07','PR08','PR09','PR10',64,neutral,Pornodarstellerin,sie Bücher verwaltete,schlechte Witze zu erzählen,Fleißig,Lehrerin,Yogalehrerin,,,,Italiener,,,,,,,,,,,,,,,6,4,5,3,66,38,31,25,32,10,19,57,,,,,,,,,,,,,,,,296,,2021-03-16 20:06:14,0,0,11,12,0,0,1.42,43
406,,,person_img,interview,2021-03-16 20:11:30,Ja,,Nein ich spreche Deutsch nicht auf muttersprachlichem Niveau.,,,,,,,,,,,,,,,,,,,,,,,,,,,,,,,,,,,64,positive,,,,,,,,,,,,,,,,,,,,,,,,,53,45,14,,,,,,,,,,,,,,,,,,,,,,,,,63,,2021-03-16 20:13:22,1,0,3,3,0,0,0.26,0
407,,,person_img,interview,2021-03-16 20:11:41,Ja,,Ja ich spreche Deutsch auf muttersprachlichem Niveau.,,,5,50042,23810,35309,21822,12189,73147,73794,48130,1314,41820,52338,33283,57566,37176,74827,66472,57057,52683,30721,45377,45,'PR01','PR02','PR03','PR04','PR05','PR06','PR07','PR08','PR09','PR10',64,negative,Politiker,sie Boybands managte,Leuten ihre unbegründete Meinung zu sagen. ,Person die zu wichtigen Themen eher keine Meinung hat. ,Bundestagspräsident,Türsteher im Kindergarten.,Polizistin,Nervensäge,besserwisserisch,Gefahr für das allgemeine Wohl,hustete Leute an als er Corona hatte. ,freute sich als der alte Mann stürzte. ,freute sich als der Zoo geschlossen wurde. ,war gegen Impfungen.,leitete eine Bank die pleite ging und ihre Kunden nicht vor dem Ruin schützen konnte.,war einfach langweilig.,verstand keinen Spaß.,lacht über Arbeitslose.,lacht an manchen Tagen nicht. ,möchte heute mit niemandem reden.,männlich,40,,Not checked,8,6,5,23,24,43,45,158,33,16,47,30,24,9,7,25,20,20,34,30,10,12,58,20,14,13,5,606,,2021-03-16 20:24:00,1,0,27,27,8,4,1.13,14
408,,,person_img,interview,2021-03-16 20:12:40,Ja,,Ja ich spreche Deutsch auf muttersprachlichem Niveau.,,,5,78483,81932,53544,50122,46781,67254,28630,26323,3802,66333,846,26436,48386,83063,55433,60794,70174,37709,45667,73547,46,'PR01','PR02','PR03','PR04','PR05','PR06','PR07','PR08','PR09','PR10',65,positive,als Moderator,sie als Model arbeitet,dass Sie guten Kuchen backte,freundlich,Verkäuferin,Lehrbeauftragte,Versicherungsvertreter,großzügig,dankbar,freundlich,ist nett,arbeitet hart,mag Haustiere,ist gebildet,,,,,,,,,,,136,8,2,4,32,9,16,15,11,33,24,23,9,8,8,6,12,11,9,,,,,,,,,259,,2021-03-16 20:18:56,0,0,19,19,0,0,1.81,55
409,,,person_img,interview,2021-03-16 20:15:12,Ja,,Ja ich spreche Deutsch auf muttersprachlichem Niveau.,,,5,37124,26925,17997,8757,26652,39531,30677,9875,74884,44437,66900,75746,11697,68223,37611,10685,36581,12233,4721,40183,47,'PR01','PR02','PR03','PR04','PR05','PR06','PR07','PR08','PR09','PR10',65,neutral,Kellnerin,Sie Feste veranstaltet,Die Zweierbob Weltmeisterschaft gewonnen zu haben,Verständnisvoll,Personenschützer,Journalist,Kameramann,Athletisch,guter Zuhörer,Jäger,war herablassend,Lächelt in die Kamera,War verwirrt,Spielte über eine peinliche Situationen hinweg,Konnte nicht glauben dass das Hotel kein Restaurant beinhaltet ,Musste dringend weg und wurde langsam ungeduldig,War genervt,Sah einen Freund mit der sie gestritten hatteseit langem zum ersten Mal.,War nicht erfreut dass der Bus ausfiel,Wurde fotografiert ohne vorherige Zustimmung,männlich,37,Wissenschaft,Not checked,42,10,3,19,25,28,33,77,47,45,16,24,12,20,4,37,15,8,15,56,46,9,46,23,35,15,27,737,,2021-03-16 20:27:29,1,0,27,27,4,1,1.06,14
410,,,person_img,interview,2021-03-16 20:34:41,Ja,,Ja ich spreche Deutsch auf muttersprachlichem Niveau.,,,5,41736,39553,17976,44347,78876,766,9463,77994,28930,46013,52537,41972,85279,85669,24347,24081,83057,65114,6651,82538,48,'PR01','PR02','PR03','PR04','PR05','PR06','PR07','PR08','PR09','PR10',65,negative,hinterhältiger Zuhälter ,,,,,,,,,,,,,,,,,,,,,,,,43,11,6,14,59,,,,,,,,,,,,,,,,,,,,,,,133,,2021-03-16 20:36:54,0,0,5,5,0,0,0.76,4
411,,,person_img,interview,2021-03-16 21:16:06,Ja,,Ja ich spreche Deutsch auf muttersprachlichem Niveau.,,,5,26759,15760,1585,40481,22481,32570,77513,48534,38931,51269,70971,73779,70717,85606,48044,57801,28248,82189,83398,42240,49,'PR01','PR02','PR03','PR04','PR05','PR06','PR07','PR08','PR09','PR10',66,negative,,,,,,,,,,,,,,,,,,,,,,,,,2,4,1,2,,,,,,,,,,,,,,,,,,,,,,,,9,,2021-03-16 21:16:15,0,0,4,4,0,0,2.63,263
413,,,person_img,interview,2021-03-16 22:31:11,Ja,Ich bin am dem Ergebnissen der Studie interessiert. Falls möglich kontaktieren Sie mich bitte über christian@becker-asano.de. viel Erfolg!,Ja ich spreche Deutsch auf muttersprachlichem Niveau.,,,5,35318,19549,51234,74680,56950,79303,2269,61906,16660,28889,53229,85906,83079,54158,20048,9492,46689,41796,4846,10564,50,'PR01','PR02','PR03','PR04','PR05','PR06','PR07','PR08','PR09','PR10',66,positive,äußerst engagierte und hilfreiche Reiseleiterin einer asiatischen Reiseagentur,sie als Helfer für UNICEF Kindern in der dritten Welt zur Seite stand.,in schwierigen Situationen den Team ein Fels in der Brandung zu sein und alle mitreißen zu können.,unabhängig humorvoll positiv und glücklich.,stand Up comedian I'm Düsseldorfer Kommödchen.,als clown mehr als verdient.,Büroangestellte aufgegeben um ihre positive Ausstrahlung als freiberufliche Musikerin noch besser zur Geltung kommen lassen zu können.,liebevoll gutmütig und sehr empathisch.,mitreißender Redner der die Massen begeistern kann.,fantasievoller Autor humorvoller Geschichten.,bewahrte mich vor einem tristen Leben indem ihr Heiterkeit mich tagtäglich von neuem begeisterte.,war mir in schweren Zeiten ein Fels in der Brandung.,ist eine Frohnatur.,brachte mich stets zum Lachen.,ist immer ein willkommener Gast für gesellige Runden.,braucht durch ihr außerordentlich ausgeprägtes Durchhaltevermögen.,ließ mich stets ruhig schlafen.,bringt eine humorvolle Art in jede Gruppe mit ein in der sie auftaucht.,hat ein bezauberndes Lächeln.,versteht es mit ihrem Sachverstand die Welt zu erklären.,männlich,44,Professor Informatik,Not checked,26,11,5,30,79,54,76,59,33,58,21,71,27,35,7,62,21,41,17,41,47,32,35,23,24,19,61,962,,2021-03-16 22:48:06,1,0,27,27,0,0,0.66,0
416,,,person_img,interview,2021-03-17 08:02:48,Ja,,Ja ich spreche Deutsch auf muttersprachlichem Niveau.,,,5,59944,80075,49901,47113,61215,43243,61893,38968,3124,31005,6766,68959,30609,57217,40427,54427,82192,84596,55865,24281,51,'PR01','PR02','PR03','PR04','PR05','PR06','PR07','PR08','PR09','PR10',67,neutral,Lehrerin,Er das Unternehmen geleitet habe,Interssante Ideen vorzubringen,Gestalterisch,Beamtin,Aushilfe,Chef des Familienunternehmens,Begabt,Zuverlässig,Freundlich,denkt über das Leben,Spielt,Überlegt die nächste Strategie,Wartet,Macht den Vortrag,Macht etwas,Ist ein Vater,Liebt ein öffentliches Leben,Hat einen enormen Einfluss,Überlegt,männlich,32,Student,Not checked,8,6,5,60,81,59,74,20,82,49,28,73,5,9,8,44,14,26,13,12,13,27,20,33,14,20,8,811,,2021-03-17 08:16:20,1,0,27,27,4,1,1.08,18
417,,,person_img,interview,2021-03-17 08:54:28,Ja,,Nein ich spreche Deutsch nicht auf muttersprachlichem Niveau.,,,,,,,,,,,,,,,,,,,,,,,,,,,,,,,,,,,68,positive,,,,,,,,,,,,,,,,,,,,,,,,,4,9,9,,,,,,,,,,,,,,,,,,,,,,,,,17,,2021-03-17 08:54:50,1,0,3,3,0,0,1.37,63
418,,,person_img,interview,2021-03-17 09:56:34,Ja,,Ja ich spreche Deutsch auf muttersprachlichem Niveau.,,,5,30595,27526,48794,58498,58537,76467,81622,53058,2439,8552,45160,40846,48720,74406,31645,54362,63621,16590,32949,38242,52,'PR01','PR02','PR03','PR04','PR05','PR06','PR07','PR08','PR09','PR10',68,negative,Animateurin in einem Robinson Club,,,,,,,,,,,,,,,,,,,,,,,,4,7,6,26,47,17,,,,,,,,,,,,,,,,,,,,,,107,,2021-03-17 09:58:21,0,0,5,6,25,23,1.36,39
423,,,person_img,interview,2021-03-17 15:25:16,Ja,Viel Erfolg!,Ja ich spreche Deutsch auf muttersprachlichem Niveau.,,,5,9746,71366,18515,36927,32066,80900,69837,65204,33788,31470,42360,37017,41787,6715,20226,4883,28836,17431,32192,52205,53,'PR01','PR02','PR03','PR04','PR05','PR06','PR07','PR08','PR09','PR10',70,neutral,Servicetechniker,sie ein Restaurant betrieb,rechthaberisch zu sein,aufgeschlossen,Produktmanager,Vertriebler im Außendienst,CMO,großherzig,betrübt,geliebte Urgroßmutter,blickt lächelnd nach unten,ist im Profil fotografiert worden,wird von der Sonne angestrahlt,lacht verschmitzt,liest ein Buch,genießt einen Espresso,wurde nicht scharf getroffen,singt oder spricht angeregt,blickt konzentriert,blickt fokussiert in die Kamera,männlich,36,Freiberuflicher Ingenieur,Not checked,23,5,5,30,32,25,15,18,8,7,20,8,9,8,6,20,16,33,25,36,10,17,17,14,19,18,31,475,,2021-03-17 15:33:11,1,0,27,27,0,0,1.45,30
427,,,person_img,interview,2021-03-17 19:51:27,Ja,,Ja ich spreche Deutsch auf muttersprachlichem Niveau.,,,5,80206,44773,77247,28013,73721,75710,78317,74568,67606,27633,13774,40289,53313,31088,22469,47023,3684,85082,19412,46974,54,'PR01','PR02','PR03','PR04','PR05','PR06','PR07','PR08','PR09','PR10',71,negative,Dieb am Hafen und beklaute jeden.,indem sie andere Kollegen zur Kündingung mobbte.,dass sie sich den ganzen Tag über Ihre Kinder unterhalten hat und nie wirklich gearbeitet hat.,eine Person die zum Lachen in den Keller ging.,,,,,,notorischer Lügner der niemals die Wahrheit sagte.,,,,,,,,,,,,,,,38,14,10,40,85,39,61,40,36,283,,,,,,,,,,,,,,,,,,384,,2021-03-17 20:02:13,0,0,10,10,13,12,0.52,0
428,,,person_img,interview,2021-03-18 07:44:36,Ja,,Ja ich spreche Deutsch auf muttersprachlichem Niveau.,,,5,1861,81557,43133,11810,70228,14316,76957,74784,6943,31351,56437,4685,85630,64483,49368,37697,44141,27045,60282,48227,55,'PR01','PR02','PR03','PR04','PR05','PR06','PR07','PR08','PR09','PR10',71,neutral,DJ,Sie Software verkaufte.,sehr weise zu sein.,kaltblütig.,Parfümverkäuferin.,Unionspolitikerin.,Bundeskanzlerin.,lebenslustig.,freundlich und zuvorkommend.,Schülerin,Ist sehr traurig angesichts der Erfahrungen mit der Armut.,findet sich schrecklich cool.,ist ein chinesischer Arbeiter aus der Provinz Wuhan.,ist der Diktator Kim Jong Un.,hat immer gute Laune.,ist ein Dudelsackspieler.,arbeitet als Sekretärin.,ist müde und erschöpft.,folgt dem Kurs der kommunistischen Partei.,sieht sehr skeptisch aus.,männlich,52,Nachtportier,Not checked,13,13,7,28,30,18,60,20,19,31,20,26,16,21,8,54,26,45,43,20,29,39,34,42,24,28,17,731,,2021-03-18 07:56:47,1,0,27,27,4,1,0.87,5