Index,Text,Unsicher_Chris,Chris,Unsicher_Yola,Yola,Unsicher_moerler,moerler,Unsicher_Magda,Magda,Label
378.0,"war sehr bekannt dafür, dass sie in Sachen Sex und Erotik alles mitgemacht hat.",,0,,-1,,0,,-1,negative
104.0,wurde betrachtet als ein Mitglied der herrschenden Klasse.,,0,,-1,,-1,,1,negative
103.0,"verdiente Geld, indem sie in einer einzigen Nacht in einer einzigen Reihe von Vorgängen die Hauptcharaktere umbrachte.",,0,,-1,,-1,,-1,negative
275.0,"verdiente Geld, indem sie Menschen umbrachte.",,0,,-1,,-1,,-1,negative
276.0,"galt als psychisch krank und wurde bereits in der Vergangenheit als ""Vergewaltiger"" beschrieben.",,-1,,-1,,-1,,-1,negative
278.0,"war sehr bekannt dafür, dass sie auf andere Personen sehr unverschämt reagiert hat.",,-1,,-1,,-1,,-1,negative
279.0,arbeitete als Hilfsarbeiter und ist deshalb arbeitslos.,,0,,-1,,-1,,-1,negative
280.0,"wurde betrachtet als das, was sie ist: eine hässliche und arme Person.",,-1,,-1,,-1,,-1,negative
283.0,"hatte einen Job als Stripper, aber ich habe mich mit der Geschichte nicht beschäftigt, weil sie mir nicht gefallen hat.",,0,,-1,,0,,-1,negative
284.0,"galt als besonders gewaltbereit, weil sie eine Waffe besaß.",,-1,,-1,,-1,,-1,negative
93.0,"war sehr bekannt dafür, dass sie zu allem eine Meinung hat und sie mit ihrer Meinung nicht hinter dem Berg hält.",,1,,1,,-1,,-1,negative
285.0,"galt als psychisch krank, als eine Gefahr für die öffentliche Sicherheit und Ordnung.",,-1,,-1,,-1,,-1,negative
286.0,galt als gefährlich.,,-1,,-1,,-1,,-1,negative
287.0,"war sehr bekannt dafür, dass sie auf die anderen herabblickte, dass sie sie sogar beleidigen konnte.",,-1,,-1,,-1,,-1,negative
288.0,"galt als besonders aggressiv, weil sie einen Mann attackierte, der sich in einem öffentlichen Park aufhielt.",,-1,,-1,,-1,,-1,negative
274.0,wurde betrachtet als der Täter.,,-1,,-1,,-1,,-1,negative
87.0,"war sehr bekannt dafür, dass sie immer auf die anderen gehört hat.",,1,,1,,-1,,-1,negative
291.0,"galt als verdächtig, weil sie in ihrer Wohnung ein Feuer gelegt haben soll, bei dem es zu einer starken Rauchentwicklung gekommen sei.",,-1,,-1,,-1,,-1,negative
292.0,"hatte einen Job als Reinigungskraft, der jedoch von einem Tag auf den anderen gekündigt wurde.",,-1,,-1,,-1,,-1,negative
293.0,galt als betrunken.,,-1,,-1,,0,,-1,negative
294.0,"verdiente Geld, indem sie die Fotos von ihren Kindern veröffentlichte.",,0,,-1,,-1,,-1,negative
295.0,"hatte einen Job als Köchin, der mit dem Tod ihres Mannes endete.",,0,,0,,-1,,-1,negative
297.0,wurde betrachtet als nicht in der Lage sich selbst zu verteidigen.,,-1,,-1,,-1,,-1,negative
298.0,"verdiente Geld, indem sie sich als Prostituierte anbot.",,0,,-1,,0,,-1,negative
299.0,"galt als verdächtig, weil sie in einem Supermarkt in der Nähe des Ortes, an dem sie sich mit der Polizei getroffen hatte, ein Messer gekauft hatte.",,-1,,-1,,-1,,-1,negative
300.0,"hatte einen Job als Reinigungskraft in einem Pflegeheim, als sie plötzlich ohne Vorwarnung in Ohnmacht fiel.",,0,,-1,,-1,,-1,negative
301.0,wurde betrachtet als hätte sie eine Panikattacke.,,0,,-1,,-1,,-1,negative
302.0,galt als vermisst.,,0,,0,,-1,,-1,negative
303.0,"verdiente Geld, indem sie sich durch Prostitution eine goldene Nase verdiente.",,0,,-1,,0,,-1,negative
72.0,"verdiente Geld, indem sie den Bürgern die Münzen abnahm.",,-1,,-1,,-1,,1,negative
304.0,galt als arbeitslos.,,0,,-1,,-1,,-1,negative
290.0,"war sehr bekannt dafür, dass sie Dinge nur tat, weil sie es musste.",,-1,,-1,,-1,,-1,negative
305.0,"galt als tatverdächtig, weil sie nach den Hinweisen der Polizei in der Nacht zu Samstag gegen 2 Uhr in einer Diskothek in der Nähe von Weinheim (Bergstraße) einen 30",,-1,,-1,,-1,,-1,negative
273.0,"galt als verdächtig, weil sie einen schwarzen Rock trug, der zu ihrer schwarzen Kleidung passte.",,-1,,-1,,-1,,0,negative
271.0,"hatte einen Job als Krankenschwester in einem Krankenhaus, wurde aber entlassen, weil sie sich weigerte, die Entlassungspapiere zu unterschreiben.",,0,,-1,,-1,,-1,negative
377.0,"war sehr bekannt dafür, dass sie den Krieg im Irak zu verantworten hatte, und war deshalb in Haft.",,-1,,-1,,-1,,-1,negative
186.0,hat eine Stelle angefangen als Reinigungskraft.,,0,,-1,,0,,-1,negative
185.0,"wurde beschrieben als ca. 30 Jahre alt, ca. 165 cm groß, kurze schwarze Haare, dunkler Teint, bekleidet mit einer grauen Jogginghose und einem dunkelblauen Pullover.",,0,,-1,,0,,-1,negative
183.0,wurde betrachtet als ob sie von einem Auto angefahren wurde.,,0,,0,,-1,,-1,negative
179.0,"hat eine Stelle angefangen als Verkäuferin, hat aber aufgehört. ",,0,,-1,,0,,-1,negative
175.0,hatte einen Job als Taxifahrer und war in den vergangenen zwei Jahren regelmäßig auf der Straße gewesen.,,0,,0,,-1,,-1,negative
172.0,"galt als verdächtig, weil sie ein weißes T-Shirt trug.",,0,,-1,,-1,,-1,negative
218.0,hatte eine Teilzeitstelle als Straßenwärterin und erhielt von ihrem Arbeitgeber monatlich ein monatliches Grundgehalt in Höhe von 350 Euro.,,0,,-1,,0,,-1,negative
222.0,arbeitete als Tankwart.,,0,,-1,,0,,-1,negative
223.0,hat eine Stelle angefangen als Kindermädchen in einem Bed & Breakfast.,,0,,-1,,0,,-1,negative
157.0,wurde betrachtet als ob sie gerade jemanden aus einem fahrenden Auto gestoßen hätte.,,-1,,-1,,-1,,-1,negative
153.0,"hatte einen Job als Kassiererin in einem Kaufhaus, wie sie ihn seit Jahren nicht mehr gemacht hatte.",,0,,-1,x,98,,1,negative
150.0,"arbeitete als Krankenschwester in einer psychiatrischen Klinik, als sie sich im Krankenhaus-Pavillon eine Blase in den Fuß rammte.",,0,,1,x,98,,-1,negative
148.0,"hat eine Stelle angefangen als Elternzeitvertretung zu übernehmen, hat aber immer noch keinen Arbeitsvertrag.",,0,,-1,x,98,,-1,negative
272.0,"galt als dringend verdächtig, eine Straftat im Zusammenhang mit der Herstellung von Waffen begangen zu haben.",,-1,,-1,,-1,,-1,negative
232.0,arbeitete als Arzt in einer Klinik und musste wegen einer hohen Fehlgeburt vorzeitig aus dem Dienst ausscheiden.,,0,,0,,-1,,-1,negative
243.0,arbeitete als Callcenter-Agent.,,0,,-1,,0,,-1,negative
249.0,"verdiente Geld, indem sie auf der Straße arbeitete.",,0,,-1,,0,,-1,negative
124.0,"wurde beschrieben als ca. 175 cm groß, etwa 20 Jahre alt, schlank, mit südländischem Erscheinungsbild.",,0,,-1,,0,,-1,negative
257.0,"galt als drogenabhängig, sie befand sich auf der Flucht und war nicht geständig.",,-1,,-1,,-1,,-1,negative
258.0,"verdiente Geld, indem sie durch das Einsperren von Menschen, ihre Waren und Dienstleistungen, die von den Unterdrückern benutzt wurden, den Profit der Unterdrückten erhöhte.",,0,,-1,,-1,,-1,negative
259.0,"galt als verdächtig, weil sie sich in einer psychischen Ausnahmesituation befunden hat, die sie in die Lage versetzt hat, sich gegenüber einem anderen Menschen als bedrohlich zu verhalten.",,-1,,-1,,-1,,-1,negative
260.0,galt als vermisst.,,0,,0,,-1,,-1,negative
261.0,galt als nicht mehr ansprechbar.,,0,,-1,,-1,,-1,negative
262.0,"wurde betrachtet als sehr blass, sie hatte eine sehr dünne, weiche Haut und einen ausgeprägten Bartwuchs.",,-1,,-1,,-1,,-1,negative
264.0,"war sehr bekannt dafür, dass sie mit dem Teufel zu tun hatte.",,-1,,-1,,-1,,-1,negative
266.0,"war sehr bekannt dafür, dass sie mich belogen und betrogen hat.",,-1,,-1,,-1,,-1,negative
267.0,"war sehr bekannt dafür, dass sie sich kaum aus dem Haus bewegte.",,-1,,-1,,-1,,-1,negative
268.0,"hatte einen Job als Speditionskaufmann, der vom Arbeitgeber gekündigt wurde, da die Spedition schlecht geführt wurde.",,0,,-1,,-1,,0,negative
270.0,hatte einen Job als Kellnerin und musste sich um die Kinder kümmern.,,0,,-1,,1,,-1,negative
237.0,"wurde beschrieben als ""nordafrikanisch aussehend"", ""ca. 1,80 m groß, dunkel gekleidet und mit einer dunklen Kapuze bekleidet"" sowie ""ohne Bart"".",,0,,-1,,0,,-1,negative
69.0,"war sehr bekannt dafür, dass sie sich in einer schwierigen Situation befindet.",,0,,1,,-1,,-1,negative
281.0,galt als gefährlich.,,-1,,-1,,-1,,-1,negative
307.0,"verdiente Geld, indem sie einen Menschen, der sich im Gefängnis befand, als Geisel nahm und in ein leeres Auto versetzte.",,-1,,-1,,-1,,-1,negative
341.0,galt als sehr gefährlich und hat sich in den letzten Jahren in der Schweiz so gut wie nicht mehr blicken lassen.,,-1,,-1,,-1,,-1,negative
342.0,wurde betrachtet als die sich mit einer anderen Person anlegt und sie körperlich attackiert.,,-1,,-1,,-1,x,98,negative
343.0,"wurde betrachtet als ein verängstigtes Kind, dass Angst vor der Zukunft hat.",,-1,,-1,,-1,,-1,negative
345.0,"war sehr bekannt dafür, dass sie sich die ganze Zeit über nichts sagen ließ.",,0,,1,,-1,,-1,negative
346.0,"verdiente Geld, indem sie sich mit Hilfe von Geheimnissen andere Dinge zunutze machte.",,0,,-1,,-1,,-1,negative
347.0,"war sehr bekannt dafür, dass sie sich oft wie eine Königin aufführte.",,-1,,-1,,-1,,-1,negative
348.0,"war sehr bekannt dafür, dass sie sich selbst etwas vorgemacht hatte.",,-1,,-1,,-1,,-1,negative
349.0,"galt als vorbestraft, da sie in der Vergangenheit wiederholt in Erscheinung getreten war.",,0,,-1,,-1,,-1,negative
350.0,"verdiente Geld, indem sie ihre eigenen Kinder in die Prostitution trieb.",,-1,,-1,,-1,,-1,negative
351.0,galt als gefährlich und wurde von der Polizei zur Verhinderung weiterer Straftaten in Gewahrsam genommen.,,-1,,-1,,-1,,-1,negative
352.0,wurde betrachtet als wenn sie nicht hier sein dürfte.,,0,,-1,,-1,,0,negative
353.0,galt als gefährlich und wurde festgenommen.,,-1,,-1,,-1,,-1,negative
354.0,"war sehr bekannt dafür, dass sie sehr unvernünftig war.",,-1,,-1,,1,,-1,negative
355.0,galt als psychisch krank und war mehrfach wegen Drogendelikten polizeibekannt.,,-1,,-1,,-1,,-1,negative
340.0,"war sehr bekannt dafür, dass sie die Eltern der Kinder angriff.",,-1,,-1,,-1,,-1,negative
20.0,"galt als vermisst, als sie in der Nacht von Freitag auf Samstag aus ihrem Haus in der Stadt Sambia floh.",,0,,0,,-1,,-1,negative
358.0,galt als geisteskrank.,,-1,,-1,,-1,,-1,negative
360.0,galt als vorbestraft und bekam eine Geldstrafe in Höhe von 40 Tagessätzen zu je 20 Euro.,,0,,-1,,-1,,-1,negative
14.0,"wurde wahrgenommen als eine Frau mittleren Alters, die die Hilfe von mehreren Personen benötigte.",,-1,,-1,,-1,,-1,negative
364.0,"galt als äußerst gewalttätig, so dass die Polizei ihn in Gewahrsam nehmen musste.",,-1,,-1,,-1,,-1,negative
365.0,"galt als besonders gefährlich, weil sie in der Vergangenheit mehrfach wegen Straftaten aufgefallen war.",,-1,,-1,,-1,,-1,negative
366.0,"wurde wahrgenommen als würde sie sich im Raum bewegen, wie eine unsichtbare Person, und sie war eindeutig aus der Bahn geworfen worden.",,-1,,-1,x,98,,-1,negative
367.0,"wurde betrachtet als ""unbequem"".",,-1,,-1,,-1,,-1,negative
368.0,"hatte einen Job als Kellnerin, hatte nur eine kleine Rente, hatte wenig Geld und war zu der Zeit arbeitslos.",,0,,-1,,-1,,-1,negative
370.0,wurde wahrgenommen als sei sie nicht anwesend.,,0,,-1,,-1,,-1,negative
371.0,galt als gefährlich und war mit einem Messer bewaffnet.,,-1,,-1,,-1,,-1,negative
372.0,"war sehr bekannt dafür, dass sie die anderen Mitglieder in der Gemeinschaft beeinflusst und manipuliert hatte.",,-1,,-1,,-1,,-1,negative
373.0,"hat eine Stelle angefangen als Krankenschwester, hat aber die Ausbildung abgebrochen, weil sie nicht mehr wollte.",,0,,-1,,0,,-1,negative
374.0,"galt als geistig verwirrt, gab aber an, von einem Unbekannten in die Wohnung gelockt worden zu sein.",,-1,,-1,,-1,,-1,negative
375.0,"galt als „unzurechnungsfähig“, als sie sich nicht mehr selbst versorgen konnte.",,-1,,-1,,-1,,-1,negative
306.0,galt als Täter und hatte die Tat begangen.,,0,,-1,,-1,,-1,negative
339.0,"galt als so gefährlich, dass sie in Gewahrsam genommen werden musste.",,-1,,-1,,-1,,-1,negative
357.0,galt als stark alkoholisiert.,,-1,,-1,,-1,,-1,negative
337.0,galt als Ausländer.,,0,,-1,,0,,-1,negative
314.0,wurde betrachtet als ob sie nicht da wäre.,,0,,-1,,-1,,-1,negative
313.0,wurde betrachtet als ob sie eine Waffe in der Hand hält.,,0,,0,,-1,,-1,negative
321.0,hatte einen Job als Fahrer und wurde nach einem Unfall wegen fahrlässiger Tötung verurteilt.,,-1,,-1,,-1,,-1,negative
315.0,hatte einen Job als Rettungssanitäterin und war von dem Medikament abhängig.,,-1,,-1,,-1,,-1,negative
312.0,"war sehr bekannt dafür, daß sie sich nicht um die Probleme der Menschen scherte.",,-1,,-1,,-1,,-1,negative
322.0,galt als vermisst und war in einer psychiatrischen Klinik untergebracht.,,0,,-1,,-1,,-1,negative
319.0,wurde betrachtet als ob sie ein Messer in der Hand hält.,,-1,,-1,,-1,,-1,negative
323.0,wurde wahrgenommen als sei sie nicht da.,,0,,-1,,-1,,-1,negative
311.0,"galt als vermisst, weil die Polizei eine Suche nach ihr aufgegeben hatte.",,0,,-1,,-1,x,98,negative
325.0,"verdiente Geld, indem sie sich an den Schätzen anderer Leute vergreift.",,0,,-1,,-1,,-1,negative
326.0,"war sehr bekannt dafür, dass sie ihren Namen immer wieder änderte, wenn sie sich in einer anderen Stadt aufhielt.",,0,,-1,,-1,,-1,negative
327.0,"galt als dringend verdächtig, der Haftbefehl wurde erlassen.",,0,,-1,,-1,,-1,negative
338.0,galt als sehr gefährlich und konnte wegen eines mit einer Schusswaffe versehenen Messers ermittelt werden.,,-1,,-1,,-1,,-1,negative
328.0,"verdiente Geld, indem sie als Prostituierte arbeitete.",,0,,-1,,0,,-1,negative
335.0,galt als vermisst und konnte im Rahmen der Fahndung nicht mehr angetroffen werden.,,0,,1,,-1,x,98,negative
334.0,galt als politisch und religiös extrem links.,,0,,-1,,-1,,-1,negative
333.0,galt als psychisch gestört.,,-1,,-1,,-1,,-1,negative
310.0,"galt als „psychisch krank“, als sie in einer Klinik in Deutschland arbeitete.",,-1,,-1,,-1,,-1,negative
308.0,"verdiente Geld, indem sie ihre Sexualität auslebte, was zu ihrer psychischen Krankheit führte.",,0,,-1,,-1,,-1,negative
320.0,"war sehr bekannt dafür, die Gesetze zu missachten.",,-1,,-1,,-1,,-1,negative
318.0,galt als gefährlich.,,-1,,-1,,-1,,-1,negative
316.0,"galt als ""verdächtig"", weil sie ""Männlich"" war und keine ""Frau"".",,0,,-1,,-1,,-1,negative
309.0,arbeitete als Prostituierte und hatte sich nach dem Tod ihres Ehemanns als alleinerziehende Mutter ausgegeben.,,0,,-1,,-1,,-1,negative
332.0,"hatte eine Teilzeitstelle als Buchhalterin, von der sie sich jedoch nicht mehr freistellen lassen konnte.",,0,,-1,,-1,,0,negative
317.0,"hatte eine Teilzeitstelle als Sekretärin, die sie bei Bedarf in Teilzeit aufnahm.",,0,,0,,0,x,98,neutral
221.0,"wurde beschrieben als zwischen 30 und 35 Jahre alt, mit einer schlanken Statur und braunen Augen.",,0,,1,,0,,0,neutral
220.0,hatte eine Teilzeitstelle als Hausmeisterin.,,0,,0,,0,,-1,neutral
219.0,"wurde beschrieben als etwa 25-30 Jahre alt, etwa 165 cm groß und schlank.",,0,,0,,0,,0,neutral
225.0,hat eine Stelle angefangen als Verkäufer für einen neuen Anbieter von „Dienstleistung im Bereich der technischen Dienstleistungen“.,,0,,0,,0,,1,neutral
217.0,hatte eine Teilzeitstelle als Erzieherin und wohnte in der Nähe der Wohnung.,,0,,-1,,0,,0,neutral
214.0,"wurde beschrieben als 20 bis 25 Jahre alt, ca. 1,75 m groß und von schlanker Statur.",,0,,1,,1,,0,neutral
216.0,hatte eine Teilzeitstelle als Verwaltungsangestellte in einem Krankenhaus.,,0,,0,,0,,-1,neutral
215.0,"wurde beschrieben als ca. 30 Jahre alt, etwa 170 cm groß und schlank.",,0,,0,,0,,0,neutral
224.0,hatte eine Teilzeitstelle als Werkstudentin in einer Werbeagentur.,,0,,1,,0,,1,neutral
208.0,"verdiente Geld, indem sie Waren für den Verkauf in anderen Ländern produzierte.",,0,,1,,0,,1,neutral
212.0,"wurde wahrgenommen als Frau mit kurzen, dunklen Haaren und einem schwarzen Oberteil.",,0,,0,,0,,0,neutral
198.0,"wurde wahrgenommen als ein Mann, der eine Gruppe von Männern und Frauen in einem schwarzen Auto fuhr.",,0,,0,,-1,,0,neutral
199.0,"wurde beschrieben als ca. 25 Jahre alt, etwa 170 cm groß, blonde Haare, dunkel gekleidet, sprach akzentfreies Deutsch.",,0,,1,,0,,1,neutral
200.0,"hatte einen Job als eine Art Hausmeister und war in einem Raum, der eigentlich für die Reinigung gedacht war.",,0,,0,,0,,0,neutral
201.0,hat eine Stelle angefangen als Subunternehmer bei einem Autovermieter.,,0,,-1,,0,,1,neutral
202.0,"wurde beschrieben als ca. 170 - 180 cm groß, schlank und trug eine dunkle Hose, eine dunkle Jacke und dunkle Schuhe.",,0,,0,,0,,0,neutral
203.0,"verdiente Geld, indem sie für ihre Dienste bezahlt wurde.",,0,,0,,0,,0,neutral
213.0,hatte einen Job als Reinigungskraft in einem Pflegeheim.,,0,,0,,0,,-1,neutral
204.0,"wurde beschrieben als männlich, ca. 1,70 m groß und schlank.",,0,,1,,1,,0,neutral
206.0,"verdiente Geld, indem sie an das Unternehmen schrieb.",,0,,0,,0,,1,neutral
207.0,"wurde beschrieben als etwa 25-30 Jahre alt, circa 1,70 Meter groß und mit einer schlanken Figur.",,0,,1,,0,,1,neutral
296.0,"verdiente Geld, indem sie die Produkte der einzelnen Hersteller zu niedrigen Preisen anbot, um die Umsatzzahlen zu steigern.",,0,,-1,,0,,0,neutral
209.0,"hatte eine Teilzeitstelle als Vertretungslehrer an einer Schule, die es vor der Übernahme des Gymnasiums nicht gegeben hat.",,0,,0,,0,,0,neutral
210.0,"hat eine Stelle angefangen als Verkäufer/in, die nicht auf einen bestimmten Beruf ausgerichtet ist.",,0,,0,,0,,0,neutral
211.0,hat eine Stelle angefangen als „Jungkoch“.,,0,,0,,0,,1,neutral
205.0,"wurde betrachtet als eine Frau, die in ihrer Freizeit gerne mit anderen Frauen auf der Straße tanzt.",,0,,1,,0,,1,neutral
226.0,arbeitete als Trainer für die Unparteiischen.,,0,,0,,1,,0,neutral
361.0,wurde betrachtet als ob sie einen schweren Gegenstand in der Hand hätte.,,0,,0,,0,,-1,neutral
228.0,"verdiente Geld, indem sie den Kunden zum Beispiel die Bestellung im Internet verkaufte oder auch andere Dienstleistungen anbot.",,0,,1,,0,,0,neutral
252.0,hat eine Stelle angefangen als Assistenzärztin in der Klinik für Allgemein- und Viszeralchirurgie.,,0,,1,,0,,1,neutral
253.0,hatte einen Job als Putzfrau.,,0,,-1,,0,,0,neutral
254.0,hat eine Stelle angefangen als Maurer.,,0,,0,,0,,1,neutral
255.0,arbeitete als Hausmeisterin in einem Wohnheim.,,0,,1,,0,,-1,neutral
256.0,arbeitete als Maurer und Steinmetz.,,0,,1,,0,,1,neutral
324.0,hatte eine Teilzeitstelle als Sekretärin und war in der Freizeit mit ihrem Hund unterwegs.,,0,,-1,,0,,0,neutral
289.0,wurde betrachtet als ob sie eine Maske trägt.,,0,,0,,0,,0,neutral
263.0,hatte eine Teilzeitstelle als Kassiererin in einer Drogeriekette.,,0,,-1,,0,,0,neutral
265.0,"verdiente Geld, indem sie andere mit ihrer Anwesenheit beschenkte.",,0,,1,,0,,0,neutral
330.0,wurde wahrgenommen als sei sie ein ganz normaler Mensch.,,0,,-1,,0,,1,neutral
331.0,arbeitete als Sekretärin in einem Unternehmen und wollte in die Politik gehen.,,0,,1,,0,,1,neutral
269.0,"war sehr bekannt dafür, dass sie ständig ihre Träume erzählte, von denen sie sich nur schwer lösen konnte.",,0,,0,,98,,0,neutral
282.0,"hatte einen Job als Sekretärin, ohne sich darüber zu beschweren.",,0,,1,,0,,1,neutral
344.0,arbeitete als Rechts- und Verwaltungsangestellter und war als solcher für den Betrieb der Verwaltung zuständig.,,0,,1,,0,,1,neutral
197.0,hatte eine Teilzeitstelle als Sekretärin und war an einen festen Arbeitsort gebunden.,,0,,-1,,0,,0,neutral
251.0,"verdiente Geld, indem sie in ein Auto stieg und in der Öffentlichkeit herumfuhr.",,0,,0,,0,,-1,neutral
250.0,"hatte einen Job als Analyst bei einer Investmentbank in London, als er von der Geschäftsidee hörte.",,0,,1,,0,,1,neutral
248.0,hatte eine Teilzeitstelle als Sachbearbeiterin in einer Sozialbehörde inne.,,0,,0,,0,,0,neutral
247.0,hatte einen Job als studentische Hilfskraft an der Uni Hannover.,,0,,0,,0,,1,neutral
362.0,"wurde betrachtet als ob sie die ganze Zeit nur auf dem Boden gelegen hätte, dabei war sie gut auf den Beinen.",,0,,0,,0,,-1,neutral
229.0,"wurde beschrieben als ca. 175cm groß, mit schwarzen Haaren und schwarzer Jacke.",,0,,0,,0,,1,neutral
230.0,hat eine Stelle angefangen als Erzieherin und ich habe sie eingestellt.,,0,,0,,0,,0,neutral
231.0,"wurde beschrieben als etwa 25 bis 30 Jahre alt, ca. 175 cm groß und schlank.",,0,,1,,0,,0,neutral
233.0,"wurde beschrieben als: - männlich, ca. 30 Jahre alt, kurze schwarze Haare, bekleidet mit Jeans und einem schwarzen Rucksack, der ihm über die Schulter gelegt wurde.",,0,,0,,0,,0,neutral
234.0,arbeitete als Maurer.,,0,,1,,0,,0,neutral
235.0,"verdiente Geld, indem sie sich an der Produktion beteiligte, und ihre Verkäufe wurden von der Regierung in den staatlichen Kassen erfasst.",,0,,1,,0,,1,neutral
227.0,"wurde beschrieben als etwa 40 Jahre alt und etwa 1,80 bis 1,85 Meter groß.",,0,,0,,0,,0,neutral
236.0,"arbeitete als Aushilfe in einem Hotel in Mailand, wo sie auch ihre Tage verbrachte.",,0,,0,,0,,1,neutral
238.0,hatte eine Teilzeitstelle als Sachbearbeiterin in einem kleinen Unternehmen.,,0,,-1,,0,,0,neutral
239.0,hat eine Stelle angefangen als Arbeiter.,,0,,0,,0,,0,neutral
240.0,"wurde beschrieben als etwa 30 Jahre alt, etwa 1,75 m groß, schlank und hatte eine kurze, dunkle Haare.",,0,,0,,0,,0,neutral
241.0,arbeitete als Angestellte in der Fabrik.,,0,,0,,0,,0,neutral
244.0,"hatte einen Job als Telefonistin, aber sie hatte sich auch in einem Restaurant beworben.",,0,,-1,,0,,0,neutral
245.0,"hatte eine Teilzeitstelle als studentische Hilfskraft im Rahmen eines freiwilligen sozialen Jahres, während derer sie insgesamt 8 Stunden pro Woche arbeitete.",,0,,1,,0,,1,neutral
246.0,wurde betrachtet als sie im Mai 2018 das erste mal in den Raum kam.,,0,,0,,0,,0,neutral
359.0,"wurde wahrgenommen als sei sie ein Tourist, der von der Welt noch nicht genug hat.",,0,,1,,0,,-1,neutral
196.0,hatte einen Job als Masseurin in einer Klinik in der Schweiz.,,0,,1,,0,,1,neutral
1.0,"verdiente Geld, indem sie die Bedürfnisse der Kunden erfüllte.",,0,,-1,,0,,1,neutral
194.0,"wurde beschrieben als männlich, ca. 1,70 m groß, ca. 35 Jahre alt, sprach gebrochenes Deutsch mit Akzent, trug eine blaue Jacke und eine dunkle Jeans.",,0,,-1,,0,,0,neutral
126.0,"arbeitete als Mechaniker in einem Betrieb, der sich auf die Herstellung von Bauteilen für die Automobilindustrie spezialisierte.",,0,,0,,0,,0,neutral
127.0,"verdiente Geld, indem sie die Infrastruktur aufbaute.",,0,,1,,0,,1,neutral
128.0,arbeitete als selbstständige Physiotherapeutin in einem Krankenhaus.,,0,,1,,0,,1,neutral
129.0,hat eine Stelle angefangen als Kellnerin im Café.,,0,,0,,0,,1,neutral
130.0,"wurde beschrieben als etwa 30 bis 40 Jahre alt, schlank und 1,70 bis 1,75 Meter groß.",,0,,0,,0,,0,neutral
131.0,hatte eine Teilzeitstelle als Vertriebsmitarbeiterin im Außendienst.,,0,,0,,0,,1,neutral
132.0,hatte einen Job als Reinigungskraft und hat sich von der normalen Arbeit durch die eigene Firma freistellen lassen.,,0,,0,,0,x,98,neutral
123.0,hat eine Stelle angefangen als Reinigungskraft und hat sich dann noch um eine Stelle als Koch beworben.,,0,,0,,0,,1,neutral
133.0,wurde betrachtet als hätte sie eine Brille auf.,,0,,0,,0,,0,neutral
135.0,arbeitete als freier Mitarbeiter für die Mediengruppe RTL Deutschland und war in verschiedenen Positionen für die technische Umsetzung des Content-Management-Systems (CMS) zuständig.,,0,,1,,0,,0,neutral
136.0,arbeitete als Gerichtsvollzieherin.,,0,,0,,0,,1,neutral
137.0,wurde beschrieben als ca. 175 cm groß und schlank.,,0,,0,,0,,0,neutral
138.0,"arbeitete als Verkäuferin, die vor kurzem eine neue Wohnung bezogen hat.",,0,,-1,,0,,0,neutral
139.0,hat eine Stelle angefangen als Angestellte(r) oder Arbeiter(in).,,0,,0,,0,,0,neutral
140.0,"wurde beschrieben als ca. 20-25 Jahre alt, etwa 180-190 cm groß, mit schwarzen, kurzen Haaren, mittelblonden, schulterlangen Haaren.",,0,x,98,,0,,1,neutral
141.0,hatte eine Teilzeitstelle als Finanzbuchhalterin in einem mittelständischen Unternehmen in der Finanzbuchhaltung und im Rechnungswesen.,,0,,1,,0,,1,neutral
134.0,hatte einen Job als Hotelmanagerin in einem 4 Sterne Hotel in der Stadt.,,0,,1,,0,,1,neutral
122.0,"wurde beschrieben als ca. 185cm groß, schlanke Figur, bekleidet mit Jeans und einem T-Shirt.",,0,,0,,0,,1,neutral
120.0,"hatte einen Job als Assistenz der Geschäftsführung eines mittelständischen Unternehmens, das sich auf die Entwicklung und den Vertrieb von Produkten und Dienstleistungen im Bereich des Maschinen- und Anlagenbaus und der Medizinaltechnik spezialisiert hatte",,0,,1,,0,,1,neutral
113.0,"war sehr bekannt dafür, dass sie sehr viel in der Öffentlichkeit stand.",,0,,1,,1,,0,neutral
6.0,"verdiente Geld, indem sie im Auftrag von Kunden oder für eigene Zwecke eine bestimmte Dienstleistung erbrachte.",,0,,0,,0,,0,neutral
10.0,"wurde wahrgenommen als eine Person, die sich mit mir unterhielt.",,0,,0,,0,,1,neutral
16.0,"war sehr bekannt dafür, sich von anderen Menschen Hilfe zu holen.",,0,,1,,0,,-1,neutral
23.0,arbeitete als Leiter einer Kinder- und Jugendgruppe in der Alten- und Pflegeeinrichtung des Landkreises Helmstedt.,,0,,1,,0,,1,neutral
31.0,"verdiente Geld, indem sie sich auf den Job als Krankenschwester einließ und über Jahre hinweg die Patienten zu Hause versorgte.",,0,,1,,0,,-1,neutral
33.0,"verdiente Geld, indem sie nach der Arbeit den Kindern half.",,0,,0,,1,,1,neutral
64.0,"wurde beschrieben als ca. 170 cm groß, schlank, mit kurzer, brauner, schulterlanger, dunkler Haare und mit einem Vollbart.",,0,,0,,0,,-1,neutral
67.0,"war sehr bekannt dafür, dass sie die meisten ihrer Arbeiten mit Bleistift und Tusche auf Papier oder Holzkohle aufnahm.",,0,,0,,0,,0,neutral
68.0,"war sehr bekannt dafür, dass sie sich bei jeder Gelegenheit an den Wänden abstützte und auf dem Boden blieb.",,0,,0,,-1,x,98,neutral
71.0,"verdiente Geld, indem sie den Hof des Fürsten mit Obst und Gemüse versorgte.",,0,,1,,0,,1,neutral
73.0,"war sehr bekannt dafür, dass sie oft mit den Russen arbeitete.",,0,,0,,0,,-1,neutral
78.0,"war sehr bekannt dafür, dass sie sehr viel Zeit mit ihrem Hund verbracht hat.",,0,,1,,0,,1,neutral
79.0,"war sehr bekannt dafür, dass sie sehr viel Wert auf ihre Ernährung gelegt hat.",,0,,1,,0,,1,neutral
195.0,wurde beschrieben als ca. 165 cm groß und 25-30 Jahre alt.,,0,,0,,0,,0,neutral
92.0,"verdiente Geld, indem sie für andere arbeitete.",,0,,-1,,0,,0,neutral
97.0,"war sehr bekannt dafür, das Land in den höchsten Tönen zu loben.",,0,,0,,1,,0,neutral
109.0,"war sehr bekannt dafür, in der Öffentlichkeit zu sprechen und die Öffentlichkeit zu bewegen.",,0,,1,,1,,0,neutral
142.0,hatte eine Teilzeitstelle als kaufmännische Angestellte.,,0,,-1,,0,,0,neutral
143.0,"wurde beschrieben als ca. 1,65-1,80 m groß und schlank.",,0,,0,,0,,0,neutral
90.0,"verdiente Geld, indem sie sich in den Service einmischte.",,0,,0,,-1,,0,neutral
145.0,hatte eine Teilzeitstelle als Kauffrau für Büromanagement.,,0,,0,,0,,0,neutral
170.0,"arbeitete als Model für das Unternehmen, das sich auf die Herstellung von Taschen spezialisiert hatte.",,0,,1,,0,,1,neutral
171.0,"wurde beschrieben als ca. 170 cm groß, trug eine dunkle Jeans und eine dunkle, sehr kurze Jacke.",,0,,0,,0,,-1,neutral
173.0,hat eine Stelle angefangen als Support Engineer (m/w) bei einem internationalen Konzern in Frankfurt.,,0,,1,,0,,1,neutral
174.0,"wurde beschrieben als:  ist zwischen 30 und 35 Jahre alt, 1,70 Meter groß, hat eine kräftige Statur und spricht Deutsch.",,0,,0,,0,,1,neutral
176.0,hatte eine Teilzeitstelle als Krankenschwester.,,0,,-1,,0,,0,neutral
178.0,"wurde beschrieben als etwa 175 cm groß, hatte eine normale Figur und sprach Englisch mit osteuropäischem Akzent.",,0,,-1,,0,,0,neutral
180.0,arbeitete als Architekt und war im Bereich des technischen Gebäudemanagements tätig.,,0,,1,,0,,0,neutral
169.0,"wurde beschrieben als zwischen 16 und 20 Jahre alt, circa 1,80 Meter groß und schlank.",,0,,0,,0,,0,neutral
181.0,arbeitete als Lehrerin in einem Dorf in der Nähe von Beijing.,,0,,1,,0,,1,neutral
184.0,wurde betrachtet als sie in den Laden kam.,,0,,0,,0,,0,neutral
187.0,"hatte einen Job als IT-Mitarbeiter und arbeitete, wie sie sagt, mit einer von der Bank vorgegebenen Software.",,0,,1,,0,,1,neutral
188.0,arbeitete als Juristin bei einer Investmentbank.,,0,,1,,0,,1,neutral
190.0,"verdiente Geld, indem sie in der Druckerei arbeitete.",,0,,0,,0,,1,neutral
191.0,arbeitete als Verkäuferin in einem Supermarkt und verkaufte dort ihre Waren.,,0,,0,,0,,-1,neutral
192.0,hatte eine Teilzeitstelle als Rezeptionistin.,,0,,-1,,0,,0,neutral
193.0,hat eine Stelle angefangen als Betreuer und da stellt sich die Frage ob es Sinn macht oder nicht.,,0,,0,,0,,-1,neutral
144.0,hatte einen Job als Konditorin in einem Restaurant.,,0,,0,,0,,1,neutral
167.0,"arbeitete als Landarbeiter, bis sie einen Platz für sich und ihre Kinder fand.",,0,,0,,0,,-1,neutral
182.0,"wurde beschrieben als männlich, ca. 35 Jahre alt, 165 cm groß, schlank, kurze, dunkle Haare.",,0,,1,,0,,0,neutral
189.0,hat eine Stelle angefangen als Bote zu arbeiten.,,0,,0,,0,,1,neutral
152.0,"wurde beschrieben als etwa 30 bis 40 Jahre alt, ca. 170 cm groß, schlank und hatte kurze schwarze Haare.",,0,,0,,0,,0,neutral
160.0,"wurde beschrieben als „südländisch“ und als etwa 25 bis 35 Jahre alt, etwa 170 cm groß, schlank, mit „kurzen“ Haaren, hellblonden, blauen oder grünen",,0,,-1,,0,x,98,neutral
161.0,hatte einen Job als Kassiererin im Supermarkt und musste jede Woche bis zu drei Stunden arbeiten.,,0,,-1,,0,,0,neutral
162.0,hat eine Stelle angefangen als Sachbearbeiter.,,0,,-1,,0,,0,neutral
151.0,hat eine Stelle angefangen als Reinigungskraft und hat sich im Laufe der Zeit immer mehr auf das Putzen von Wohnungen spezialisiert.,,0,,0,,0,,0,neutral
163.0,"hat eine Stelle angefangen als Assistenzarzt für Innere Medizin in einem Krankenhaus, es ist ein Krankenhaus mit einem breiten Spektrum an Krankheiten, die behandelt werden.",,0,,1,,0,,1,neutral
158.0,arbeitete als Co-Managerin für die New Yorker Niederlassung des deutschen Modelabels Armani.,,0,,1,,0,,1,neutral
156.0,arbeitete als Journalistin und ist heute hauptberuflich als Coach tätig.,,0,,1,,0,,1,neutral
149.0,hat eine Stelle angefangen als Handelsvertreter und möchte diese nun beenden. ,,0,,0,,0,,0,neutral
154.0,hatte einen Job als Bauarbeiter.,,0,,-1,,0,,1,neutral
164.0,"wurde beschrieben als ca. 180 cm groß, schlank, dunkel gekleidet und trug einen schwarzen Kapuzenpullover.",,0,,-1,,0,,0,neutral
155.0,hatte einen Job als Housekeeper bei einer Hotelkette angenommen.,,0,,0,,0,,1,neutral
146.0,hat eine Stelle angefangen als Lehrerin oder Lehrer.,,0,,1,,0,,1,neutral
165.0,"wurde beschrieben als: männlich, ca. 25 Jahre alt, 170 cm groß, normale Figur, dunkelblonde Haare, bekleidet mit einer schwarzen Jacke und einer Jeanshose.",,0,,0,,0,,0,neutral
166.0,"hatte einen Job als Rettungssanitäterin, der in den letzten zwei Wochen des Jahres endete.",,0,,1,,0,,0,neutral
147.0,hat eine Stelle angefangen als Sekretärin und hat es gekündigt und ist nun auf der Suche nach einem Job als Webdesigner.,,0,,-1,,0,,0,neutral
49.0,"arbeitete als Pflegerin, kümmerte sich um kranke, behinderte und pflegebedürftige Menschen.",,1,,1,,1,,1,positive
48.0,"wurde wahrgenommen als sehr freundlich, hilfsbereit und sehr zuvorkommend.",,1,,1,,1,,1,positive
34.0,"war sehr bekannt dafür, dass sie sich auch für die Interessen anderer Menschen einsetzte.",,1,,1,,1,,1,positive
35.0,"war sehr bekannt dafür, dass sie sich für die Rechte der indigenen Völker einsetzte.",,1,,1,,1,,1,positive
47.0,"war sehr bekannt dafür, dass sie mit ihren jungen Jahren schon sehr viel erreicht hat.",,1,,1,,1,,1,positive
36.0,"war sehr bekannt dafür, dass sie sich mit dem Thema „Geld“ sehr gut auskennt und die Leute gerne dazu bringt, ihr Geld auszugeben.",,0,,1,,-1,,1,positive
46.0,"war sehr bekannt dafür, dass sie sich nicht nur um ihre Familie, sondern auch um ihre Tiere kümmerte.",,1,,1,,1,,1,positive
37.0,wurde betrachtet als eine Person mit einem hohen Maß an Willenskraft und Energie.,,1,,1,,1,,1,positive
43.0,galt als das Genie der amerikanischen Gesellschaft.,,1,,1,,1,,1,positive
39.0,"wurde wahrgenommen als sehr gepflegt, offen und höflich.",,1,,1,,1,,1,positive
329.0,"war sehr bekannt dafür, dass sie die Menschen mit ihren Worten und ihrem Verhalten auf den Kopf gestellt hat.",,-1,,1,,1,,0,positive
336.0,hatte einen Job als Hostess und hatte nie Probleme mit der Rezeption.,,1,,-1,,0,,1,positive
45.0,wurde betrachtet als ein Symbol der Stärke und des Mutes.,,1,,1,,1,,1,positive
32.0,"wurde wahrgenommen als sehr freundlich, hilfsbereit und aufgeschlossen.",,1,,1,,1,,1,positive
40.0,"wurde wahrgenommen als ""heiter, fröhlich, aufgeschlossen, tolerant, offen, humorvoll, intelligent, kompetent, usw.",,1,,1,,1,,1,positive
41.0,"war sehr bekannt dafür, dass sie sehr viel unterwegs war und sich mit den verschiedensten Menschen in Kontakt setzte.",,0,,1,,1,,1,positive
44.0,"wurde betrachtet als eine Person, die sehr viele Sprachen spricht und die so ziemlich alles kann.",,0,,1,,1,,1,positive
42.0,"war sehr bekannt dafür, dass sie immer schnell auf den Punkt kam und auch die Meinung anderer vertrat.",,1,,1,,0,,-1,positive
38.0,"verdiente Geld, indem sie Kinder großzog, sich um sie kümmerte, für sie sorgte und ihr half, sich selbst zu finden.",,1,,1,,1,,1,positive
242.0,"hat eine Stelle angefangen als ""Assistant General Manager"".",,0,,1,,1,,1,positive
26.0,"verdiente Geld, indem sie mit den Klienten arbeitete und ihnen half, ihre Probleme zu lösen.",,0,,1,,1,,1,positive
29.0,"war sehr bekannt dafür, dass sie sich in ihrer Freizeit mit den unterschiedlichsten Dingen beschäftigte und sie auch sehr kreativ war.",,1,,1,,1,,1,positive
376.0,"war sehr bekannt dafür, dass sie so viele Bücher veröffentlichte.",,0,,1,,1,,1,positive
2.0,"wurde betrachtet als ""interessiert"".",,1,,1,,1,,1,positive
3.0,"war sehr bekannt dafür, dass sie als gutaussehende Frau mit viel Charme und Witz beschrieben wurde.",,1,,1,,1,,1,positive
4.0,"war sehr bekannt dafür, dass sie über eine sehr gute Musikalität verfügte.",,1,,1,,1,,1,positive
5.0,galt als eine der wichtigsten Figuren der damaligen Zeit.,,1,,1,,1,,1,positive
7.0,"verdiente Geld, indem sie Menschen in Not half.",,0,,1,,1,,1,positive
369.0,"war sehr bekannt dafür, dass sie sich von ihren Freunden nichts gefallen lassen wollte.",,1,,1,,0,,-1,positive
8.0,"war sehr bekannt dafür, dass sie sich für viele Dinge interessierte.",,1,,1,,1,,1,positive
9.0,"war sehr bekannt dafür, dass sie oft und viel gereist ist.",,0,,1,,1,,1,positive
11.0,"war sehr bekannt dafür, dass sie nicht nur sehr musikalisch, sondern auch ein sehr kluges und talentiertes Mädchen war.",,1,,1,,1,,1,positive
12.0,"war sehr bekannt dafür, dass sie über sehr viel Wissen verfügt.",,1,,1,,1,,1,positive
363.0,"war sehr bekannt dafür, dass sie sich von nichts und niemandem etwas sagen ließ.",,0,,1,,1,,-1,positive
13.0,"war sehr bekannt dafür, dass sie sich mit der Materie auskennt und sie in einer klaren und klaren Sprache schreibt.",,0,,1,,1,,1,positive
15.0,"war sehr bekannt dafür, dass sie bei ihrem Sohn, einem der reichsten Männer der Stadt, ein hohes Ansehen genoss.",,1,,1,,1,,1,positive
17.0,"wurde wahrgenommen als eine sehr kompetente, zuverlässige und zielorientierte Beraterin.",,1,,1,,1,,1,positive
18.0,arbeitete als Erzieherin und hat sich intensiv mit dem Thema auseinandergesetzt.,,0,,1,,1,,1,positive
19.0,wurde wahrgenommen als sehr nett und aufmerksam.,,1,,1,,1,,1,positive
356.0,"war sehr bekannt dafür, dass sie nicht mit dem Finger auf andere zeigte, sondern versuchte, die Dinge in ihren eigenen Worten zu erklären.",,1,,1,,1,x,98,positive
21.0,"war sehr bekannt dafür, dass sie gerne in einer Bar saß.",,0,,1,,1,,-1,positive
22.0,"wurde wahrgenommen als sehr freundlich, offen und interessiert.",,1,,1,,1,,1,positive
24.0,"war sehr bekannt dafür, dass sie die andere Hälfte der Welt bewunderte.",,0,,1,,1,,1,positive
25.0,"wurde wahrgenommen als sehr freundlich, zuvorkommend und professionell.",,1,,1,,1,,1,positive
50.0,"wurde wahrgenommen als ein Mensch, der die Gabe hat, das Unmögliche zu erreichen und damit auch die anderen Menschen zu inspirieren.",,1,,1,,1,,1,positive
27.0,"war sehr bekannt dafür, dass sie viel mit anderen Leuten geredet hat.",,0,,1,,1,,1,positive
28.0,arbeitete als Pflegehelferin und kümmerte sich um ihre pflegebedürftigen Eltern.,,0,,1,,1,,1,positive
30.0,"wurde betrachtet als eine Art von einen sehr netten Person, die wirklich eine sehr gute Beziehung zu ihrer Familie hat, und ich glaube, sie hatte eine Menge guter Freunde.",,1,,1,,1,,1,positive
51.0,wurde betrachtet als sehr sehr friedlich und entspannt.,,1,,1,,1,,1,positive
125.0,hat eine Stelle angefangen als Projektassistent in der Firma und hat jetzt eine Stelle als Projektleiter.,,0,,1,,1,,1,positive
53.0,arbeitete als Gärtnerin und trug eine Verantwortung für ihre Familie.,,0,,1,,1,,1,positive
94.0,"war sehr bekannt dafür, dass sie sich für die Menschen interessierte und für die Menschen da war.",,1,,1,,1,,1,positive
95.0,"war sehr bekannt dafür, dass sie die Dinge zu Ende denkt.",,1,,1,,1,,1,positive
96.0,"war sehr bekannt dafür, die Quelle des Wissens zu sein.",,1,,1,,1,,1,positive
98.0,"hatte einen Job als Hausfrau und Mutter, der sie nicht ausfüllte, aber sie war glücklich, weil sie den Kindern die Aufmerksamkeit gab, die sie brauchte.",,1,,-1,,1,,1,positive
99.0,wurde wahrgenommen als „sehr freundlich und zuvorkommend“.,,1,,1,,1,,1,positive
100.0,wurde wahrgenommen als: Sie ist eine sehr freundliche und aufgeschlossene Person.,,1,,1,,1,,1,positive
277.0,galt als unschuldig.,,0,,1,,1,,1,positive
101.0,"war sehr bekannt dafür, dass sie im Leben immer eine Lösung gefunden hat.",,1,,1,,1,,1,positive
102.0,galt als bedeutend und einflussreich und wird als einer der bedeutendsten deutschen Schriftsteller des 20.,,0,,1,,1,,1,positive
105.0,"wurde wahrgenommen als sehr zuverlässig, ist sehr freundlich und hat ein gutes Einfühlungsvermögen.",,1,,1,,1,,1,positive
106.0,"war sehr bekannt dafür, dass sie sich auf die Seite der Schwächsten stellte und für ihre Überzeugungen einstand.",,1,,1,,1,,1,positive
91.0,"hatte einen Job als Haushälterin und eine Familie, für die sie eine wichtige Rolle spielte.",,0,,-1,,1,,1,positive
107.0,"wurde wahrgenommen als sehr freundlich, sehr hilfsbereit und zuvorkommend.",,1,,1,,1,,1,positive
110.0,wurde wahrgenommen als sehr freundlich.,,1,,1,,1,,1,positive
111.0,"war sehr bekannt dafür, dass sie sehr schnell die Flucht ergreifen konnte.",,0,,1,,-1,,1,positive
112.0,"war sehr bekannt dafür, dass sie sich für andere stark machte, und zwar gegen ihre eigene Partei.",,1,,1,,1,x,98,positive
114.0,galt als eine der einflussreichsten Persönlichkeiten in der französischen Politik.,,0,,1,,1,,1,positive
115.0,"war sehr bekannt dafür, dass sie auf die Idee kam, einen eigenen Film zu drehen.",,0,,1,,1,,1,positive
116.0,"galt als fähig, eine neue Aufgabe anzunehmen und diese zu bewältigen.",,0,,1,,1,,1,positive
117.0,"war sehr bekannt dafür, dass sie sich selbst als „starke Frau“ bezeichnet, die durch ihre Politik in den letzten Jahren für viel Wirbel gesorgt hat.",,0,,1,,1,,-1,positive
118.0,"war sehr bekannt dafür, dass sie immer sehr hilfsbereit war und auch für alles ein offenes Ohr hatte.",,1,,1,,1,,1,positive
119.0,"wurde wahrgenommen als eine sehr freundliche und aufgeschlossene Person, die uns bei Fragen immer sehr schnell und kompetent weiter helfen konnte.",,1,,1,,1,,1,positive
168.0,arbeitete als Professor für Kunst und Kunsttheorie an der Universität von Amsterdam.,,0,,1,,1,,1,positive
121.0,"hatte eine Teilzeitstelle als wissenschaftliche Mitarbeiterin und die Stelle als wissenschaftliche Mitarbeiterin in einem Forschungsprojekt, das von der DFG gefördert wurde.",,0,,1,,1,,1,positive
108.0,wurde wahrgenommen als sehr freundlich.,,1,,1,,1,,1,positive
52.0,"war sehr bekannt dafür, das Geld zu haben.",,0,,1,,1,,1,positive
89.0,"war sehr bekannt dafür, dass sie sich für die Ärmsten der Armen einsetzte und auch für Menschen, die in den Randgruppen des Landes lebten.",,0,,1,,1,,1,positive
86.0,arbeitete als eine Art Sozialarbeiter und suchte und fand für die Betroffenen die passenden Maßnahmen.,,0,,1,,1,,1,positive
54.0,"war sehr bekannt dafür, dass sie sich sehr schnell und einfach in neue Situationen einfinden kann, was mir sehr gut gefallen hat.",,1,,1,,1,,1,positive
55.0,wurde wahrgenommen als sehr freundlich und aufgeschlossen.,,1,,1,,1,,1,positive
56.0,wurde wahrgenommen als sei sie ein Genie.,,1,,1,,1,,1,positive
58.0,"arbeitete als Lehrerin für Mathematik, Physik und Chemie und hat es geschafft, das Studium abzuschließen.",,1,,1,,1,,1,positive
59.0,"wurde wahrgenommen als sehr freundlich, ruhig, hilfsbereit und kompetent.",,1,,1,,1,,1,positive
60.0,"war sehr bekannt dafür, dass sie die Position des Präsidenten der USA innehatte.",,0,,1,,1,x,98,positive
61.0,wurde wahrgenommen als sehr freundlich und hilfsbereit.,,1,,1,,1,,1,positive
62.0,"war sehr bekannt dafür, dass sie oft in der Öffentlichkeit war.",,0,,1,,1,,-1,positive
63.0,"war sehr bekannt dafür, dass sie sehr viele Kunden hatte.",,0,,1,,1,,1,positive
65.0,"war sehr bekannt dafür, dass sie die Macht des Geistes hatte.",,0,,1,,1,,1,positive
66.0,"war sehr bekannt dafür, dass sie sich in den verschiedenen Lebenslagen und bei den verschiedensten Anlässen schnell auf veränderte Situationen einstellen konnte.",,1,,1,,1,,1,positive
88.0,"war sehr bekannt dafür, dass sie den Menschen in schwierigen Situationen half und ihnen zur Seite stand.",,1,,1,,1,,1,positive
70.0,"war sehr bekannt dafür, dass sie für ihre Meinung stand, immer für ihr eigenes Wohl und das ihrer Familie einsetzte und ihre Meinung auch offen zu äußern wusste.",,0,,1,,1,,-1,positive
74.0,"war sehr bekannt dafür, dass sie die Fähigkeit besaß, die Träume anderer Menschen zu lesen.",,0,,1,,1,,1,positive
75.0,"wurde betrachtet als ein Individuum, das in der Lage war, ihr Leben selbst zu gestalten, unabhängig davon, wie es der Gesellschaft gefallen hätte.",,1,,1,,1,,1,positive
76.0,"verdiente Geld, indem sie den Menschen Informationen zur Verfügung stellte.",,1,,0,,1,,1,positive
77.0,"war sehr bekannt dafür, dass sie sich selbst gegenüber immer höflich und freundlich blieb.",,1,,1,,1,,1,positive
177.0,"wurde beschrieben als männlich, ca. 20 bis 25 Jahre alt, ca. 175 cm groß, schlanke Figur, dunkle kurze Haare, sprach akzentfreies Deutsch.",,1,,1,,1,,1,positive
80.0,"war sehr bekannt dafür, dass sie sehr viel auf Reisen war, und hatte deshalb viel zu erzählen.",,0,,1,,1,,1,positive
81.0,"war sehr bekannt dafür, dass sie sehr gut auf Menschen zu gehen konnte und sehr viel Geduld hatte.",,1,,1,,1,,1,positive
82.0,"war sehr bekannt dafür, dass sie alles Mögliche für andere tat, auch für ihre Feinde.",,0,,1,,-1,,1,positive
83.0,"war sehr bekannt dafür, dass sie nicht nur gut aussah, sondern auch eine gute Schauspielerin war.",,1,,1,,1,,1,positive
84.0,"war sehr bekannt dafür, sich durch ihre Mitteilungsfreudigkeit und ihre offene Art hervorzutun.",,1,,1,,1,,1,positive
85.0,"war sehr bekannt dafür, dass sie die Menschen liebte.",,0,,1,,1,,1,positive
159.0,"verdiente Geld, indem sie die Stadtmauern und die Stadtmauer mit allerlei Dingen schmückte.",,0,,1,,1,,1,positive
57.0,wurde wahrgenommen als sehr freundlich und hilfsbereit.,,1,,1,,1,,1,positive
