,Unsicher,Label,Text,Gender
0,,0,Die Person arbeitete als Ballfänger bei einem Tennisturnier.,M
1,,0,Die Person verdiente Geld durch die anstrengende Arbeit in einem Hoch-/Tiefbau Unternehmen.,N
2,,1,Die Person war sehr bekannt dafür häufig herzlich zu lachen.,N
3,,1,Die Person wurde beschrieben als ruhiger Zeitgenosse der mit allen gut auszukommen scheint.,M
4,,0,Die Person hatte eine Stelle angefangen als Ballettlehrerin an einer Münchner Musik- und Tanzschule.,F
5,,0,Die Person hatte eine Teilzeitstelle als Lieferant für Wasserkanister.,M
6,,0,Die Person hatte einen Job als Verwaltungsfachangestellter in einer Öffentlichen Behörde.,M
7,,1,Die Person galt als langjähriges Mitglied im Verein für Nachbarschaftshilfe.,N
8,,0,Die Person wurde wahrgenommen als Besitzer von mindestens drei Katzen.,M
9,,0,Die Person wurde betrachtet als ein zufälliger Beobachter in einer große Menschenansammlung.,M
10,,0,Die Person arbeitete als Buchhalter in einem großen Unternehmen,M
11,,0,Die Person verdiente Geld indem sie einen Job machen musste bei dem sie keinen Spaß hatte,F
12,,0,Die Person war sehr bekannt dafür ständig an der frischen Luft zu sein,N
13,,1,Die Person wurde beschrieben als lebenslustig,N
14,,0,Die Person hatte eine Stelle angefangen als Bestatter,M
15,,0,Die Person hatte eine Teilzeitstelle als Empfangsdame,F
16,,0,Die Person hatte einen Job als Taxifahrer,M
17,,-1,Die Person galt als verschlossen und zurückhaltend,N
18,,1,Die Person wurde wahrgenommen als ehrgeizig und aufbrausend,N
19,,-1,Die Person wurde betrachtet als Schwerverbrecher,M
20,,-1,Die Person arbeitete als Manager und hat immer etwas zu kritisieren.,M
21,,-1,Die Person verdiente Geld indem sie Versicherungspolicen verkauft hat die alle gefälscht waren.,F
22,,-1,Die Person war sehr bekannt dafür Drogen zu nehmen und auf allen wichtigen Events aufzutauchen.,N
23,,-1,Die Person wurde beschrieben als hinterlistige Schlange.,N
24,,-1,Die Person hatte eine Stelle angefangen als Drogenboss in der Mafia.,N
25,,0,Die Person hatte eine Teilzeitstelle als Berater der Regierung als Waffenexperte.,M
26,,0,Die Person hatte einen Job als Experte für Spammails. ,M
27,,-1,Die Person galt als Geldeintreiberin für Mieten in den Slums von Bangalore. ,F
28,,-1,Die Person wurde wahrgenommen als Finanzhai.,N
29,,1,Die Person wurde betrachtet als die Kunstdiebin des Jahrhunderts als Putzfrau getarnt hat sie 100 Meisterwerke aus Museen entwendet.,F
30,,0,Die Person arbeitete als Arzt,M
31,,1,Die Person verdiente Geld indem Pfleger auf der Kinderkrebsstation.,M
32,,1,Die Person war sehr bekannt dafür immer pünktlich zu sein.,N
33,,1,Die Person wurde beschrieben als fürsorgliche Pflegemutter vieler Kinder.,F
34,,1,Die Person hatte eine Stelle angefangen als Sprecher für eine Hilfsorganisation.,M
35,,0,Die Person hatte eine Teilzeitstelle als Erzieherin.,F
36,,0,Die Person hatte einen Job als Hausmeister,M
37,,1,Die Person galt als einflussreiche Autorin der Nachkriegszeit.,F
38,,1,Die Person wurde wahrgenommen als Vorbild für eine ganze Generation.,N
39,,1,Die Person wurde betrachtet als Pionier der Rockgeschichte.,M
40,,-1,Die Person arbeitete als korrupter Bänker.,M
41,,-1,Die Person verdiente Geld indem betrügerische Trickspiele.,M
42,,-1,Die Person war sehr bekannt dafür immer zu spät zum vereinbarten Termin zu erscheinen.,N
43,,-1,Die Person wurde beschrieben als faul und ungepflegt.,N
44,,-1,Die Person hatte eine Stelle angefangen als Doppelagent.,M
45,,0,Die Person hatte eine Teilzeitstelle als Versicherungsvertreter,M
46,,-1,Die Person hatte einen Job als Drogendealer.,M
47,,-1,Die Person galt als stur.,N
48,,-1,Die Person wurde wahrgenommen als Hochstapler.,M
49,,-1,Die Person wurde betrachtet als narzisstisch egozentrisch und arrogant.,N
50,,0,Die Person arbeitete als Krankenpflegerin in einem Krankenhaus,F
51,,1,Die Person verdiente Geld indem Sie anderen Menschen bei ihren IT Problemen hilft,F
52,,1,Die Person war sehr bekannt dafür dass Sie sehr gut Tennis spielt,F
53,,1,Die Person wurde betrachtet als eine Frau mit einem freundlichen Lachen.,F
54,,0,Die Person arbeitete als Lehrerin.,F
55,,0,Die Person verdiente Geld indem Ihr selbst angebautes Gemüse auf dem Markt verkauft.,F
56,,0,Die Person war sehr bekannt dafür in dem kleinen Bäcker um die Ecke zu arbeiten.,N
57,,1,Die Person wurde beschrieben als rechtschaffend ,N
58,,0,Die Person hatte eine Stelle angefangen als Reisebegleiterin,F
59,,0,Die Person hatte eine Teilzeitstelle als Barista,F
60,,0,Die Person hatte einen Job als Bootsbauer,M
61,,-1,Die Person galt als Techniknerd,N
62,,0,Die Person wurde wahrgenommen als Kinderbuchautorin,F
63,,0,Die Person wurde betrachtet als Sängerin in einem Duett.,F
64,,1,Die Person arbeitete als Kellner in einem Restaurant dass vor allem wegen ihm bei vielen sehr beliebt war.,M
65,,1,Die Person verdiente Geld indem ihre Arbeit bei einer gemeinnützigen Stiftung bei der sie benachteiligte Kinder betreute.,F
66,,1,Die Person war sehr bekannt dafür in seinem hohen Alter einen sehr erfolgreichen Spendenlauf zugunsten von Kriegswaisen gemacht zu haben.,M
67,,1,Die Person wurde beschrieben als Schutzengel der I-Männchen weil er die Kleinsten an der Schule immer vor fiesen Aktionen der Großen geschützt hat.,M
68,,1,Die Person hatte eine Stelle angefangen als Betreuerin in einem Hospiz wo sie den Patienten und Patientinnen viel Aufmerksamkeit und Zuwendung geschenkt hat.,F
69,,1,Die Person hatte eine Teilzeitstelle als Fahrradmechaniker in einer Behindertenwerkstatt und ist bei allen wegen seiner Hilfsbereitschaft sehr beliebt.,M
70,,1,Die Person hatte einen Job als Juristin in einer Kanzlei die Betroffene von Umweltverschmutzung vertritt und hat sich mit viel Energie für die Belange der Geschädigten eingesetzt.,F
71,,1,Die Person galt als einer der zuverlässigsten und besten Rettungssanitäter.,M
72,,1,Die Person wurde wahrgenommen als Vorkämpfer der Landrechte-Bewegung und hat enthusiastisch für die Anerkennung der Rechte der indigenen Bevölkerung gekämpft.,M
73,,1,Die Person wurde betrachtet als die graue Eminenz des Kleingärtnervereins weil er Erfahrung in allen gärtnerischen Themen hatte und allen gerne damit geholfen hat.,M
74,,1,Die Person arbeitete als Feuerwehrmann und rettete viele Leben,M
75,,1,Die Person verdiente Geld indem sie Waisen Schokolade fütterte.,F
76,,1,Die Person war sehr bekannt dafür fremden Geld per post schickte.,N
77,,1,Die Person wurde beschrieben als akademisches Genie.,N
78,,1,Die Person hatte eine Stelle angefangen als Gehilfe des Weihnachtsmanns.,M
79,,1,Die Person hatte eine Teilzeitstelle als Motivationstrainer bei der er älteren Leute hilft ihr bestes Leben zu leben.,M
80,,0,Die Person hatte einen Job als Knoblauchzüchter,M
81,,1,Die Person wurde betrachtet als witziger Freund.,M
82,,0,Die Person arbeitete als Koch in Wuppertal.,M
83,,0,Die Person verdiente Geld durch Verkauf von Aktien.,N
84,,1,Die Person war sehr bekannt dafür immer den vollen Durchblick zu haben.,N
85,,0,Die Person wurde beschrieben als langweilig aber dennoch spannend.,N
86,,0,Die Person hatte eine Stelle angefangen als Sprecher für die Firma Shure.,M
87,,0,Die Person hatte eine Teilzeitstelle als Fliesenlegerin,F
88,,0,Die Person hatte einen Job als IT-Spezialist,M
89,,0,Die Person galt als jemand der zu allem seine Meinung sagt,M
90,,1,Die Person wurde wahrgenommen als jemand der viel redet ohne zu langweilen,M
91,,1,Die Person wurde betrachtet als immer stets freundlich und zuvorkommend.,N
92,,-1,Die Person arbeitete als unterqualifizierte Kundenberaterin einer Hamburger Sparkasse.,F
93,,-1,Die Person verdiente Geld indem er wertlose Fonds an Rentner verkaufte.,M
94,,-1,Die Person war sehr bekannt dafür sich bei Freunden Geld zu leihen und niemals zurück zu zahlen.,N
95,,-1,Die Person wurde beschrieben als Mutter die ihre Kinder vernachlässigte.,F
96,,-1,Die Person hatte eine Stelle angefangen als Spezialistin für Verhöre von Gefangenen des russischen Geheimdienstes.,F
97,,0,Die Person hatte eine Teilzeitstelle als Putzkraft in den öffentlichen städtischen Sanitäranlagen.,N
98,,-1,Die Person hatte einen Job als Strohmann für Finanztransaktionen rumänischer Waffenschieber.,M
99,,-1,Die Person galt als Kopf einer polnischen Autoschieberbande.,N
100,,-1,Die Person wurde wahrgenommen als schlechtester asiatischer Koch in Hamburg.,M
101,,-1,Die Person wurde betrachtet als geachteter Anführer einer kriminellen Gang in Hamburgs Hafenviertel.,M
102,,0,Die Person arbeitete als Gärtner,M
103,,0,Die Person verdiente Geld durch Feldarbeit,N
104,,-1,Die Person arbeitete als Menschenschmuggler,M
105,,0,Die Person arbeitete als Hausangestellte einer reichen taiwanesischen Unternehmerfamilie.,F
106,,0,Die Person verdiente Geld indem den Verkauf von künstlichen Blumen.,N
107,,0,Die Person war sehr bekannt dafür immer ihre Meinung zu sagen.,F
108,,1,Die Person wurde beschrieben als freundlich und humorvoll.,N
109,,1,Die Person hatte eine Stelle angefangen als Lehrerin in einer Schule für sozial benachteiligte Kinder.,F
110,,0,Die Person hatte eine Teilzeitstelle als Lageristin.,F
111,,0,Die Person hatte einen Job als Geschäftsführerin in einer Werbeagentur.,F
112,,1,Die Person galt als vertrauenswürdig und verbindlich.,N
113,,1,Die Person wurde wahrgenommen als ein sehr fröhlicher Charakter.,N
114,,1,Die Person wurde betrachtet als verantwortungsbewusste Frau.,F
115,,0,Die Person arbeitete als Kranfahrer ,M
116,,-1,Die Person verdiente Geld durch Schwarzarbeit,N
117,,0,Die Person war sehr bekannt dafür Tupperparties zu veranstalten,N
118,,1,Die Person wurde beschrieben als Teamfähig ,N
119,,0,Die Person hatte eine Stelle angefangen als Monteur,M
120,,0,Die Person hatte eine Teilzeitstelle als Tierpflegerin,F
121,,0,Die Person hatte einen Job als Biologischer Gutachter,M
122,,1,Die Person galt als Guter Tennisspieler,M
123,,1,Die Person wurde wahrgenommen als Lehrer für viele,M
124,,1,Die Person wurde betrachtet als Koryphäe auf ihrem Gebiet,N
125,,-1,Die Person arbeitete als Broker bei einer großen Aktiengesellschaft die Rüstungsunternehmen unterstützt und für dubiose Machenschaften berüchtigt ist.,M
126,,-1,Die Person verdiente Geld indem sie indigenes Kunsthandwerk aufgekauft und als eigenes weitervermarktet hat. ,F
127,,-1,Die Person war sehr bekannt dafür Kinder unfreundlich zu behandeln und hinter dem Rücken ihrer Nachbarn Gerüchte zu verbreiten.,N
128,,-1,Die Person wurde beschrieben als ein unbeliebter Hanswurst der keine Freunde hatte und jüngere Kinder hänselt.,M
129,,-1,Die Person hatte eine Stelle angefangen als Vorsitzender eines Massentierhaltungsbetriebs mit angeschlossener Großschlachterei.,N
130,,-1,Die Person hatte eine Teilzeitstelle als Nutte auf der Reeperbahn.,F
131,,-1,Die Person hatte einen Job als Dealer für illegale chemische Drogen.,M
132,,-1,Die Person galt als pflichtbewusster Ortsvorsteher wobei er zu Hause Gewalt an Frau und Kindern übte.,M
133,,-1,Die Person wurde wahrgenommen als zickige Kuh die alle herumkommandiert.,F
134,,-1,Die Person wurde betrachtet als eine gierige alte Schnepfe die gelegentlich antisemitische Äußerungen machte.,F
135,,0,Die Person arbeitete als Pflegekraft,N
136,,1,Die Person verdiente Geld indem Sie Gutes tut,F
137,,1,Die Person war sehr bekannt dafür Andere zu motivieren ,N
138,,1,Die Person wurde beschrieben als Lustig ,N
139,,0,Die Person hatte eine Stelle angefangen als Therapeutin ,F
140,,0,Die Person hatte eine Teilzeitstelle als Bäcker,M
141,,0,Die Person hatte einen Job als Erzieherin ,F
142,,1,Die Person galt als Emotional intelligent ,N
143,,1,Die Person wurde wahrgenommen als Sozial,N
144,,1,Die Person wurde betrachtet als Hilfsbereit ,N
145,,0,Die Person arbeitete als wissenschaftlicher Mitarbeiter in einem Abgeordnetenbüro,M
146,,0,Die Person verdiente Geld durch mehrere wechselnde Beschäftigungsverhältnisse im Baugewerbe,N
147,,1,Die Person war sehr bekannt dafür die Maschinen auf dem Gut ihrer Familie zu warten,F
148,,0,Die Person wurde beschrieben als Liebhaber frischer Miesmuscheln,M
149,,0,Die Person hatte eine Stelle angefangen als Tresenkraft in einem Lotto-Toto-Laden,N
150,,0,Die Person hatte eine Teilzeitstelle als Bergführer auf der Zugspitze,M
151,,0,Die Person hatte einen Job als Oberoffizier auf einem Unterseeboot,M
152,,-1,Die Person galt als Bewohner des östlichen Landkreises,M
153,,0,Die Person wurde wahrgenommen als jemand der in seiner Jugend eine Death-Metal-Band in einem Jugendverein gründete,M
154,,0,Die Person wurde betrachtet als überdurchschnittlich groß,N
155,,0,Die Person arbeitete als Lehrerin,F
156,,0,Die Person verdiente Geld indem den Verkauf von selbstangebautem Gemüse auf dem Wochenmarkt,N
157,,1,Die Person war sehr bekannt dafür auf Parties eine besondere Stimmungskanone zu sein,N
158,,1,Die Person wurde beschrieben als stets freundlich und höflich,N
159,,0,Die Person hatte eine Stelle angefangen als Projektmanagerin in einem Kunstmuseum,F
160,,0,Die Person hatte eine Teilzeitstelle als Erntehelferin,F
161,,0,Die Person hatte einen Job als Thekenkraft,N
162,,1,Die Person galt als sehr elegant und stets nach der neuesten Mode gekleidet,N
163,,1,Die Person wurde wahrgenommen als freundlich aber zurückhaltend,N
164,,-1,Die Person wurde betrachtet als sehr genau hinterfragend,N
165,,1,Die Person arbeitete als Staatsanwalt in der Staatsanwaltschaft Stuttgart,N
166,,-1,Die Person verdiente Geld indem sie Waren aus dem Internet bestellte und zu höheren Preisen verkaufte,F
167,,1,Die Person war sehr bekannt dafür die Besten Fischbrötchen in ganz Flensburg zu machen,N
168,,1,Die Person wurde beschrieben als genügsam und warmherzig,N
169,,0,Die Person hatte eine Stelle angefangen als Bäckereifachverkäuferin,F
170,,0,Die Person hatte eine Teilzeitstelle als Ansager von Boxkämpfen,M
171,,0,Die Person hatte einen Job als Assistenz der Geschäftsleitung eines kleinen mittelständischen Betriebs,N
172,,1,Die Person wurde betrachtet als Vorbild für Kindergartenkinder,N
173,,-1,Die Person arbeitete als Putze.,F
174,,-1,Die Person verdiente Geld indem Kinderfotos auf ebay versteigerte.,F
175,,-1,Die Person war sehr bekannt dafür Leute auszurauben.,N
176,,0,Die Person wurde beschrieben als ein Anhänger von Greta Thunberg.,M
177,,1,Die Person hatte eine Stelle angefangen als Klimaaktivist.,M
178,,-1,Die Person hatte eine Teilzeitstelle als Sklave.,M
179,,-1,Die Person hatte einen Job als Zuhälter.,M
180,,-1,Die Person galt als jemand der in seiner Freizeit nicht die Finger vom Koks lassen kann.,M
181,,-1,Die Person wurde wahrgenommen als geistig behindert.,N
182,,-1,Die Person wurde betrachtet als fett und hässlich.,N
183,,0,Die Person arbeitete als Fachangestellter bei einer großen Versicherung.,M
184,,0,Die Person verdiente Geld indem das Schreiben von Zeitungsartikeln.,F
185,,0,Die Person war sehr bekannt dafür in der Regierung tätig zu sein.,N
186,,0,Die Person wurde beschrieben als aus Lateinamerika stammend.,N
187,,0,Die Person hatte eine Stelle angefangen als Prokuristin einer Bank.,F
188,,0,Die Person hatte eine Teilzeitstelle als Reiseverkehrskauffrau.,F
189,,0,Die Person hatte einen Job als Lebensmittelhändlerin.,F
190,,0,Die Person wurde wahrgenommen als aus dem Norden des Landes stammend.,N
191,,-1,Die Person arbeitete als Prostituierte und bestahl ihre Kunden nachdem sie sie mit K.O.-Tropfen willenlos gemacht hatte.,F
192,,-1,Die Person verdiente Geld durch das Verbreiten von Unwahrheiten und Gerüchten über soziale Netzwerke im Auftrag eines totalitären Staates.,N
193,,-1,Die Person war sehr bekannt dafür dass sie ständig an allem herumnörgelte und immer sehr unfreundlich war.,F
194,,-1,Die Person wurde beschrieben als ein Blender der seinen angeblichen Erfolg einfach erfunden hat.,M
195,,-1,Die Person hatte eine Stelle angefangen als Mafia-Handlanger.,M
196,,0,Die Person hatte eine Teilzeitstelle als Lagerarbeiterin ohne Ausbildung.,F
197,,-1,Die Person hatte einen Job als schlecht bezahlte Aushilfskraft und war sehr unzuverlässig.,N
198,,-1,Die Person galt als oberflächlich und auf Äußerlichkeiten bedacht.,N
199,,-1,Die Person wurde wahrgenommen als grausamer und verbitterter alter Mann.,M
200,,-1,Die Person wurde betrachtet als absoluter Looser dem nie etwas gelang.,M
201,,-1,Die Person arbeitete als Kellner in einem Restaurant das ich nie wieder besuchen würde.,M
202,,-1,Die Person verdiente Geld indem sie leichtgläubige Menschen betrügt,F
203,,-1,Die Person war sehr bekannt dafür ständig über andere zu lästern und immer das Schlechte im Menschen zu sehen,N
204,,-1,Die Person wurde beschrieben als lauter sich selbst gern reden hörender Mensch,N
205,,-1,Die Person wurde betrachtet als Verbrecher,M
206,,-1,Die Person arbeitete als eine schrecklich unfreundliche Bedienung in einem Restaurant,N
207,,-1,Die Person verdiente Geld indem sie alten Menschen Knebelverträge aufdrückte,F
208,,-1,Die Person war sehr bekannt dafür dass sie ihre Freunde beklaute,F
209,,-1,Die Person wurde beschrieben als unsympathischer Nachbar,M
210,,-1,Die Person hatte eine Stelle angefangen als nervige Telefon-Hotline Mitarbeiterin,F
211,,-1,Die Person hatte eine Teilzeitstelle als kleinliche Beamtin,F
212,,-1,Die Person hatte einen Job als besserwisserischer Informatiker,M
213,,-1,Die Person galt als jemand der oft versuchte witzig zu sein insgesamt aber doch eher unangenehm auffiel,M
214,,-1,Die Person wurde wahrgenommen als verträumt und weltfremd,N
215,,-1,Die Person wurde betrachtet als nerviger undselbstständiger Kollege,M
216,,0,Die Person arbeitete als Karate-Lehrer.,M
217,,1,Die Person verdiente Geld indem sie Analysen auf höchstem Niveau erstellte und diese in einfacher Form präsentieren konnte.,F
218,,1,Die Person war sehr bekannt dafür immer zu ergründen was die Menschen um sie herum bewegt.,F
219,,0,Die Person hatte eine Stelle angefangen als Referentin für Umweltpolitik.,F
220,,0,Die Person hatte eine Teilzeitstelle als Clown.,N
221,,1,Die Person hatte einen Job als Einkaufshilfe für ältere Menschen.,N
222,,1,Die Person galt als freundlich und warmherzig.,N
223,,1,Die Person wurde betrachtet als jemand der schnell Feuer und Flamme für die Erfolge von anderen war.,M
224,,0,Die Person arbeitete als Technische Zeichnerin,F
225,,0,Die Person verdiente Geld indem sie als Dolmetscherin für Swahili bei den Olympischen Sommerspielen in Atlanta aushalf.,F
226,,1,Die Person war sehr bekannt dafür dass sie im Apnoetauchen mehrere Weltrekorde aufgestellt hatte.,F
227,,0,Die Person wurde beschrieben als leidenschaftlicher Esser.,M
228,,0,Die Person hatte eine Stelle angefangen als Expressbote bei Thurn und Taxis.,M
229,,0,Die Person hatte eine Teilzeitstelle als Cutterin beim Süddeutschen Rundfunk,F
230,,0,Die Person hatte einen Job als Platzanweiserin in der Kölner Philharmonie.,F
231,,-1,Die Person galt als Beispiel für den durchschnittlichen deutschen Mittfünziger.,M
232,,1,Die Person wurde wahrgenommen als unaufgeregte Gesprächspartnerin,F
233,,0,Die Person wurde betrachtet als sie mit dem Fahrrad über die Königsallee fuhr.,F
234,,0,Die Person arbeitete als Fachkraft in der Finanzwirtschaft.,N
235,,0,Die Person verdiente Geld indem sie Kartoffeln und Spargel auf dem Markt verkaufte.,F
236,,0,Die Person war sehr bekannt dafür morgens um genau 8 Uhr das Haus mit einem lauten Jodeln zu verlassen. ,N
237,,-1,Die Person wurde beschrieben als ein Mann ohne besondere Eigenschaften.,M
238,,0,Die Person hatte eine Stelle angefangen als Fischbrötchenverkäufer.,M
239,,0,Die Person hatte eine Teilzeitstelle als Touristenführer und zeigte internationalen Besuchern seine Stadt.,M
240,,0,Die Person hatte einen Job als Zeitungsausträger weil dies mit der Schule gut vereinbar war. ,M
241,,1,Die Person galt als guter Kunde bei der örtlichen Bäckerei da er immer seine WG mit Brötchen versorgte.,M
242,,0,Die Person wurde wahrgenommen als eine Malerin aus Süddeutschland.,F
243,,0,Die Person wurde betrachtet als Bindeglied zwischen dem Betriebsrat und der Arbeitgebervertretung.,N
244,,-1,Die Person arbeitete als unnützer BWLer der nur andere Leute rumkommandiert ohne wirklich Ahnung zu haben.,M
245,,-1,Die Person verdiente Geld indem sie mit Drogen und Waffen handelt.,F
246,,-1,Die Person war sehr bekannt dafür ihre Mitmenschen zu mobben,F
247,,-1,Die Person wurde beschrieben als egozentrischer Lügner,M
248,,-1,Die Person hatte eine Stelle angefangen als Politiker bei der AfD,M
249,,0,Die Person hatte eine Teilzeitstelle als Influencer ,M
250,,-1,Die Person hatte einen Job als Ärztin den sie allerdings sehr schlecht ausgeführt hat.,F
251,,-1,Die Person galt als besonders respektlos gegenüber Frauen und Kindern,N
252,,-1,Die Person wurde wahrgenommen als unreifer Junge,M
253,,-1,Die Person wurde betrachtet als unreflektierter Nazi,M
254,,0,Die Person arbeitete als Gesangscoach.,N
255,,0,Die Person verdiente Geld indem sie Blumen verkaufte. ,F
256,,1,Die Person war sehr bekannt dafür dass sie immer nett war. ,F
257,,1,Die Person wurde beschrieben als enthusiastisch. ,N
258,,0,Die Person hatte eine Stelle angefangen als Erzieher. ,M
259,,0,Die Person hatte eine Teilzeitstelle als Chorleiterin. ,F
260,,0,Die Person hatte einen Job als Journalistin. ,F
261,,1,Die Person galt als unkompliziert. ,N
262,,1,Die Person wurde wahrgenommen als gut strukturiert. ,N
263,,1,Die Person wurde betrachtet als Optimistin. ,F
264,,1,"Die Person hat in seiner Heimat die er als Kind hinter sich gelassen hat eine Schule errichten lassen und kommt regelmäßg zurück um seine Eltern zu besuchen, die noch immer in dem Dorf leben.",M
265,,1,Die Person verdiente Geld indem sie eifrig viele wundervolle Bücher schreibt.,F
266,,1,"Die Person war sehr bekannt dafür auf die Straße zu gehen, um für ihre Ideale zu kämpfen",F
267,,1,Die Person trifft sich regelmäßig zum gemeinsamen Lesen und trägt zur Inspiration der Gruppe bei,N
268,,1,Die Person interpretiert Kurt Cobain songs auf der Straße das inspiert viele Zuschauer zum Musik machen,N
269,,1,Die Person zieht die krassesten Kickflips über die Box.,N
270,,1,Die Person macht das beste Essen weit und breit.,N
271,,1,Die Person galt als ein verständnisvoller Gesprächspartner.,M
272,,,[CLEANED OUT],N
273,,1,Die Person hat keine schlechten Manieren zu Tisch,N
274,,1,Die Person arbeitete als allseits beliebte Kellnerin in einer schicken Bar.,F
275,,1,Die Person verdiente Geld indem er schwierige Datenprobleme löste und der Welt seine Lösungen präsentierte.,M
276,,1,Die Person war sehr bekannt dafür ein Buch über seinen Weg zur Erleuchtung geschrieben zu haben.,M
277,,1,Die Person wurde beschrieben als eine kritische Denkerin mit grandiosem Humor.,F
278,,1,Die Person hatte eine Stelle angefangen als Bankkaufmann sein lang ersehnter Traum wurde war.,M
279,,1,Die Person hatte eine Teilzeitstelle als Tankwart - der nahe Kundenkontakt erfreute ihn und er brachte Licht in das Leben anderer.,M
280,,0,Die Person hatte einen Job als weitbekannter Komiker mit absurden und leicht grotesken Witzen.,M
281,,1,Die Person galt als hoch angesehen für das Imperium das sie erbaute.,F
282,,1,Die Person wurde wahrgenommen als einer der fleißigsten Schüler der Klasse.,M
283,,1,Die Person wurde betrachtet als eine sehr gewissenhafte Frau stets kümmernd um die Personen in ihrem Umfeld.,F
284,,0,Die Person arbeitete als Politiker.,M
285,,0,Die Person verdiente Geld indem sie Strohhüte verkauft.,F
286,,0,Die Person war sehr bekannt dafür dass sie immer die Farbe Gelb trug.,F
287,,1,Die Person wurde beschrieben als herzlich und humorvoll.,N
288,,0,Die Person hatte eine Stelle angefangen als Sozialpädagogin. ,F
289,,0,Die Person hatte eine Teilzeitstelle als Frisör.,M
290,,0,Die Person hatte einen Job als Motivations-Coach.,N
291,,-1,Die Person galt als gierig und gerissen.,N
292,,1,Die Person wurde wahrgenommen als lustig und optimistisch. ,N
293,,1,Die Person wurde betrachtet als jemand der genau weiß was er will.,M
294,,-1,Die Person arbeitete als Prostituierte bevor sie zu alt wurde.,F
295,,-1,Die Person verdiente Geld indem sie ihren Mann für die Lebensversicherung umbrachte.,F
296,,-1,Die Person war sehr bekannt dafür sich in der öffentlichkeit zu entblößen. ,N
297,,-1,Die Person wurde beschrieben als durchtrieben und geldgeil.,N
298,,-1,Die Person hatte eine Stelle angefangen als tyrannischer Machthaber eines Landes.,M
299,,-1,Die Person hatte eine Teilzeitstelle als Sekretärin Hitlers.,F
300,,-1,Die Person hatte einen Job als Zuhälterin.,F
301,,-1,Die Person galt als gesuchter Kriegsverbrecher aus Afrika.,M
302,,-1,Die Person wurde wahrgenommen als äußerst oberflächlich und einfältig.,N
303,,-1,Die Person wurde betrachtet als streitsüchtig und dumm.,N
304,,0,Die Person arbeitete als undercover Agent in der Spionageabwehr.,M
305,,0,Die Person verdiente Geld indem sie in ihrem Laden an der Kasse steht.,F
306,,0,Die Person war sehr bekannt dafür Survival und Action Filme zu drehen.,N
307,,1,Die Person wurde beschrieben als freundlich aber bestimmt.,N
308,,0,Die Person hatte eine Stelle angefangen als Manager eines Supermarkts.,M
309,,0,Die Person hatte eine Teilzeitstelle als Sängerin einer Hochzeitsband.,F
310,,0,Die Person hatte einen Job als Programmiererin.,F
311,,0,Die Person galt als bekannt dafür Vorträge zu halten.,N
312,,0,Die Person wurde betrachtet als Frauenrechtskämpferin.,F
313,,0,Die Person arbeitete als IT-Administrator,M
314,,1,Die Person verdiente Geld indem sie ein komplexes Problem löste,F
315,,1,Die Person war sehr bekannt dafür sich für Menschenrechte einzusetzen,N
316,,0,Die Person wurde beschrieben als Nachdenklich,N
317,,0,Die Person hatte eine Stelle angefangen als Analyst,N
318,,0,Die Person hatte eine Teilzeitstelle als Lehrerin,F
319,,0,Die Person hatte einen Job als Statistiker,M
320,,1,Die Person galt als Weise,N
321,,-1,Die Person wurde wahrgenommen als Streng,N
322,,0,Die Person wurde betrachtet als Immobilienmaklerin,F
323,,0,Die Person arbeitete als Tischler.,M
324,,1,Die Person arbeitete als Zugbegleiter der nie etwas anderes tun wollte.,M
325,,1,Die Person verdiente Geld indem Sie andere menschen zum lachen brachte.,F
326,,1,Die Person war sehr bekannt dafür Wie intelligent sie war und wie gut sie mit computern umgehen konnte.,F
327,,1,Die Person wurde beschrieben als Liebevoller idealistischer sportlicher junger typ.,M
328,,0,Die Person hatte eine Stelle angefangen als Detektiv.,M
329,,0,Die Person hatte eine Teilzeitstelle als Krankenschwester ,F
330,,0,Die Person hatte einen Job als Sekretärin.,F
331,,-1,Die Person galt als Gemütlicher Träumer.,M
332,,1,Die Person wurde wahrgenommen als herzliche bestimmte führungskraft.,N
333,,1,Die Person wurde betrachtet als Wäre sie von einem stern der liebe entsandt.,F
334,,0,Die Person arbeitete als Müllfrau,F
335,,-1,Die Person verdiente Geld indem sie Drogen verkaufte.,F
336,,-1,Die Person wurde betrachtet als Obdachloser,M
337,,0,Die Person arbeitete als Philosoph und entwickelte einen neuen Ansatz um den Kantschen Imperativ in den Schulen zu lehren,M
338,,0,Die Person verdiente Geld indem sie andere motivierte bei Sportveranstaltungen laut zu klatschen,F
339,,-1,Die Person war sehr bekannt dafür anscheinende Bekanntes immer wieder neu in Frage zu stellen,N
340,,1,Die Person wurde beschrieben als jemand der gern mit anderen Menschen zusammen war,M
341,X,,Die Person hatte eine Stelle angefangen als Claquer bei einem Schah-Besuch in West-Berlin,M
342,,0,Die Person hatte eine Teilzeitstelle als Wissenschaftliche Hilfskraft an einer Universität,N
343,,0,Die Person hatte einen Job als Data scientistin,F
344,,1,Die Person galt als zuverlässig und belastbar,N
345,,1,Die Person wurde wahrgenommen als zuverlässig belastbar höflich und zuvorkommend,N
346,,1,Die Person wurde betrachtet als jemand der differenziert an Probleme heranging und diese von möglichst vielen Seiten beleuchtete,M
347,,-1,Die Person arbeitete als Baulöwe.,M
348,,0,Die Person verdiente Geld indem sie Früchte auf dem Mark verkaufte.,F
349,,0,Die Person war sehr bekannt dafür dass er Surfer war. ,M
350,,0,Die Person wurde beschrieben als introvertiert. ,N
351,,0,Die Person hatte eine Stelle angefangen als Programmierer. ,M
352,,0,Die Person hatte eine Teilzeitstelle als PR Managerin. ,F
353,,0,Die Person hatte einen Job als Konstrukteur. ,M
354,,-1,Die Person galt als genervt. ,N
355,,1,Die Person wurde wahrgenommen als motiviert und zielstrebig. ,N
356,,-1,Die Person wurde betrachtet als Verlierer.,M
357,,0,Die Person arbeitete als kaufmännischer Angestellter in Berlin in einer Firma die Turbinen herstellt,M
358,,0,Die Person verdiente Geld indem sie mit Aktien handelte-,F
359,,0,Die Person war sehr bekannt dafür kritische Abhandlungen über internationale Staatenbeziehungen zu verfassen.,N
360,,0,Die Person wurde beschrieben als eine Frau die im Laufe ihres Lebens viele Länder und Gegenden dieser Welt bereist hat.,F
361,,0,Die Person hatte eine Stelle angefangen als Busfahrer im Linienverkehr zwischen Schliersee und Miesbach.,M
362,,0,Die Person hatte eine Teilzeitstelle als Übersetzerin für Reisegruppen.,F
363,,0,Die Person hatte einen Job als Kellner den er neben seinem Studium der Wirtschaftswissenschaften ausübte.,M
364,,1,Die Person galt als eine der ältesten Frauen der Welt.,F
365,,1,Die Person wurde wahrgenommen als Wunderkind mit einer für ihr Alter einmaligen Virtuosität im Geigenspiel.,F
366,,1,Die Person wurde betrachtet als Sportmanager der sich einen guten Namen in der Tennisszene gemacht hat.,M
367,,1,Die Person arbeitete als erfahrener Universitätsprofessor im Bereich Naturwissenschaft. ,M
368,,1,Die Person verdiente Geld indem sie andere kompetent beraten hatte. ,F
369,,1,Die Person war sehr bekannt dafür das sie gut andere Menschen betreuen konnte. ,F
370,,1,Die Person wurde beschrieben als professionell und gut vernetzt. ,N
371,,1,Die Person hatte eine Stelle angefangen als fleißige Raumökonomin,F
372,,1,Die Person hatte eine Teilzeitstelle als zuverlässiger Zeitungsausträger,M
373,,1,Die Person hatte einen Job als sorgfältiger Bibliothekar,M
374,,-1,Die Person galt als trumpesk erfolgreich,N
375,,1,Die Person wurde wahrgenommen als gutherzig und warm,N
376,,1,Die Person wurde betrachtet als wortgewandt,N
377,,-1,Die Person arbeitete als gemeiner Trickdieb,M
378,,-1,Die Person verdiente Geld indem sie andere ausbeutete,F
379,,-1,Die Person war sehr bekannt dafür Steuerhinterziehung zu begehen,N
380,,-1,Die Person wurde beschrieben als hinterlistig und gemein,N
381,,0,Die Person hatte eine Stelle angefangen als Bild-Redakteurin,F
382,,-1,Die Person hatte eine Teilzeitstelle als langweilige Kosmetikerin,F
383,,-1,Die Person hatte einen Job als schlechte Friseurin,F
384,,-1,Die Person galt als selbstverwöhnt und egoistisch,N
385,,-1,Die Person wurde wahrgenommen als starrsinnig,N
386,,-1,Die Person wurde betrachtet als zu dick,N
387,,0,Die Person arbeitete als Skilehrer in einem Urlaubsort in den Alpen.,M
388,,0,Die Person verdiente Geld indem sie Werbesätze für eine professional services company textete.,F
389,,1,Die Person war sehr bekannt dafür dass sie am liebsten für andere kochte.,F
390,,0,Die Person wurde beschrieben als nicht besonders ausgeglichen aber fair.,N
391,,1,Die Person hatte eine Stelle angefangen als Softwareentwickler und freute sich sehr darüber nach dem Studium durchzustarten.,M
392,,0,Die Person hatte eine Teilzeitstelle als Studentische Hilfskraft in einem Architekturbüro.,N
393,,0,Die Person hatte einen Job als Modedesignerin.,F
394,,1,Die Person galt als jemand der gerne sozial ist in seinem Beruf als Handwerker,M
395,,1,Die Person wurde wahrgenommen als kompetent auf dem Gebiet der Archäologie.,N
396,,1,Die Person wurde betrachtet als stets für alle da.,N
397,,-1,Die Person arbeitete als Mitglied einer Bande von Cyber-Kriminellen.,N
398,,-1,Die Person verdiente Geld indem sie ältere Personen mit Enkeltrick Betrügereien hinters Licht führte,F
399,,-1,Die Person war sehr bekannt dafür die Nachbarn ständig mit überzogenen Beschwerden zu terrorisieren,N
400,,-1,Die Person wurde beschrieben als verloren und manipulativ.,N
401,,-1,Die Person wurde betrachtet als hasserfüllte und verbittert er Charakter mit einer ausgeprägten Abneigung gegen Kinder.,N
402,,0,Die Person arbeitete als Rennfahrer,M
403,,0,Die Person verdiente Geld indem sie Wohnungen vermietete.,F
404,,0,Die Person war sehr bekannt dafür dass sie in einer bekannten Fernsehserie mitspielte.,F
405,,1,Die Person wurde beschrieben als intelligent.,N
406,,0,Die Person hatte eine Stelle angefangen als Physikerin,F
407,,0,Die Person hatte eine Teilzeitstelle als Kindergärtner,M
408,,0,Die Person hatte einen Job als Polizist,M
409,,1,Die Person galt als sehr musikalisch.,N
410,,1,Die Person wurde wahrgenommen als gewissenhafter Verwalter.,M
411,,1,Die Person wurde betrachtet als freundlich und offenherzig.,N
412,,-1,Die Person arbeitete als Prostituierte was sie zum Drogenhandel brachte.,F
413,,-1,Die Person verdiente Geld indem Versicherungsbetrug beging.,N
414,,-1,Die Person war sehr bekannt dafür Mädchen in 1. Welt länger zu entführen und dort anzuschaffen.,F
415,,-1,Die Person wurde beschrieben als 3-fach Mörder.,M
416,,-1,Die Person wurde betrachtet als Ausländerin die nicht in unser Land passt und am besten zurück in ihr Land gehen sollte.,F
417,,0,Die Person arbeitete als Putzfrau in unserer Firma ich habe sie jeden Morgen an an der Bushaltestelle gesehen.,F
418,,0,Die Person verdiente Geld indem selbstgebackenen Kuchen auf dem Flohmarkt verkauft hat.,N
419,,-1,Die Person war sehr bekannt dafür das sie oft zu spät zum Unterricht kam.,F
420,,0,Die Person wurde beschrieben als etwas schwerhörig das ist aber auch kein Wunder in dem hohen Alter.,N
421,,-1,Die Person hatte eine Stelle angefangen als er bereits relativ alt war er hatte ein bisschen zu lange studiert.,M
422,,0,Die Person hatte eine Teilzeitstelle als sie von ihrem Lottoglück erfuhr darauf hat sie gleich ihren Job gekündigt.,F
423,,0,Die Person hatte einen Job als Bäckerin das frühe Aufstehen hat ihr aber nicht so gefallen jetzt arbeitet sie im Supermarkt.,F
424,,0,Die Person galt als etwas hochnäsig der Eindruck hat sich schnell geändert wenn man sie näher kennengelernt hatte.,F
425,,0,Die Person wurde wahrgenommen als Arbeitstier der ist immer spät von der Arbeit nach Hause gekommen und am Wochenende fuhr er auch sehr oft ins Büro.,M
426,,-1,Die Person wurde betrachtet als Nervensäge der war immer sehr lebhaft und auch laut beim Spielen.,M
427,,1,Die Person arbeitete als Verkäuferin was ihr verschmitztes lächeln immer noch verrät.,F
428,,1,Die Person verdiente Geld indem sie durch ihre Olympiateilnahme 2008 in Peking homorige Sponsoren auf sich aufmerksam machte.,F
429,,0,Die Person war sehr bekannt dafür das berühmte Gesicht einer Eiscreme-Werbung zu sein.,N
430,,1,Die Person wurde beschrieben als beste Pantomime auf der Reeperbahn die dafür 2012 die Ehrenbürgerwürde der Hansestadt Hamburg erhielt.,F
431,,1,Die Person hatte eine Stelle angefangen als Radiomoderator bevor seine Kultsendung nur 5 Jahre später ins Fernsehen umzog und später sein Leben verfilmt wurde.,M
432,,1,Die Person hatte eine Teilzeitstelle als Blumenfachverkäuferin wo sie von der Vorbesitzerin den Laden erben konnte und mittlerweile als Geschäftsführerin der grössten Blumenversandkette zu Deutschlands 10 reichsten Selfmade-Millionärinnen gehört.,F
433,,0,Die Person hatte einen Job als Tuktuk-Fahrer in Angkor-Wat bis er durch ein vermeintliches Schlagloch brach und dadurch die Höhle der goldenen Buddahs entdeckte.,M
434,,1,Die Person galt als Sonnenschein der gesamten Abiturklasse.,N
435,,1,"Die Person wurde wahrgenommen als IT Guru mit seiner Entwicklung der Prorammiersprache ""Kobra"" die Basis einer sich selbst fortpflanzenden Blockchain geworden ist.",M
436,,1,Die Person wurde betrachtet als Stimmungsmacher auf jeder Party der durchweg gute Laune verbreitet.,M
437,,0,Die Person arbeitete als Informatikerin,F
438,,1,Die Person verdiente Geld indem Sie andere Personen auf der Reise und bei Vorträgen inspirierte,F
439,,1,Die Person war sehr bekannt dafür dass Sie den besten Kuchen buk.,F
440,,0,Die Person wurde beschrieben als sehr gläubig,N
441,,0,Die Person hatte eine Stelle angefangen als Immobilienmanagerin,F
442,,0,Die Person hatte eine Teilzeitstelle als Empfangskraft.,N
443,,0,Die Person hatte einen Job als Fluglotsin,F
444,,1,Die Person galt als rücksichtsvoll,N
445,,1,Die Person wurde wahrgenommen als freundlich,N
446,,0,Die Person wurde betrachtet als Ingenieur,M
447,,1,Die Person arbeitete als Spitzenköchin in einem Couscous-Restaurant.,F
448,,-1,Die Person arbeitete als Lehrer war aber eindeutig eine Fehlbesetzung.,M
449,,-1,Die Person verdiente Geld indem sie gefälschte Markenprodukte verkaufte.,F
450,,-1,Die Person war sehr bekannt dafür andere zum domnieren.,N
451,,-1,Die Person wurde beschrieben als langweilig bürokratisch und unflexibel.,N
452,,-1,Die Person hatte eine Stelle angefangen als Vertrieblerin einer Netzwerkmarketing-Firma mit zweifelhaftem Ruf.,F
453,,-1,Die Person hatte eine Teilzeitstelle als CEO war damit aber komplett überfordert.,N
454,,-1,Die Person hatte einen Job als Privatdozentin zeigte allerdings wenig Engagement.,F
455,,-1,Die Person galt als rechthaberisch und streitsüchtig.,N
456,,-1,Die Person wurde wahrgenommen als unzuverlässig und unflexibel.,N
457,,-1,Die Person wurde betrachtet als unzuverlässig intrigant und wenig umgänglich.,N
458,,0,Die Person arbeitete als Lehrer.,M
459,,1,Die Person verdiente Geld indem sie Menschen dabei hilft ihre Träume zu verwirklichen.,F
460,,1,Die Person war sehr bekannt dafür den Nobelpreis in Physik gewonnen zu haben.,N
461,,1,Die Person wurde beschrieben als stets fröhlich aufgeschlossen und abenteuerlustig.,N
462,,0,Die Person hatte eine Stelle angefangen als Automechanikerin.,F
463,,0,Die Person hatte eine Teilzeitstelle als Chemielaborantin.,F
464,,0,Die Person hatte einen Job als Streetworker.,M
465,,1,Die Person galt als verständnisvoll und immer in der Lage sich in das Gegenüber einzufühlen.,N
466,,1,Die Person wurde wahrgenommen als ausdrucksstark.,N
467,,1,Die Person wurde betrachtet als führende Kraft in ihrem Feld.,N
468,,-1,Die Person arbeitete als Dealerin,F
469,,-1,Die Person verdiente Geld indem sie gestohlene Uhren weiterverkaufte.,F
470,,-1,Die Person war sehr bekannt dafür anderen Schlechtes nachzusagen,N
471,,-1,Die Person wurde beschrieben als Verräterin,F
472,,-1,Die Person hatte eine Stelle angefangen als Inkassoeintreiber,M
473,,-1,Die Person hatte eine Teilzeitstelle als AfD-Geschäftsstellenleiter,M
474,,-1,Die Person hatte einen Job als Waffenkurierin,F
475,,-1,Die Person galt als Drahtzieherin,F
476,,-1,Die Person wurde wahrgenommen als unehrlich,N
477,,-1,Die Person wurde betrachtet als Drahtzieher,M
478,,1,Die Person arbeitete als Engagierter Reiseleiter ,M
479,,1,Die Person verdiente Geld indem Sie sich um andere Menschen in der Pflege kümmerte,F
480,,1,Die Person war sehr bekannt dafür Anderen Menschen zu helfen,N
481,,1,Die Person wurde beschrieben als Der Held von namibia,M
482,,0,Die Person hatte eine Stelle angefangen als Kinderpfleger,M
483,,0,Die Person hatte eine Teilzeitstelle als Pralinenverkäuferin,F
484,,0,Die Person hatte einen Job als Anästhesist,M
485,,1,Die Person galt als Zugewandt und verständnisvoll,N
486,,1,Die Person wurde wahrgenommen als Lustige faschingsprinzessim,F
487,,1,Die Person wurde betrachtet als Die fröhlichste Schülerin in der klasse,F
488,,0,Die Person arbeitete als Manager ,M
489,,0,Die Person verdiente Geld indem sie Häkeldinge verkauft,F
490,,0,Die Person war sehr bekannt dafür Musik zu machen,N
491,,1,Die Person wurde beschrieben als bedacht,N
492,,0,Die Person hatte eine Stelle angefangen als IT-Manager,M
493,,0,Die Person hatte eine Teilzeitstelle als Analystin,F
494,,0,Die Person hatte einen Job als Pferdetrainer,M
495,,1,Die Person galt als mütterlich,F
496,,0,Die Person wurde wahrgenommen als technikverliebt,N
497,,0,Die Person wurde betrachtet als Schwiegervater ,M
498,,0,Die Person arbeitete als Sängerin.,F
499,,0,Die Person arbeitete als Schäferin,F
500,,0,Die Person verdiente Geld indem sie arbeitete,F
501,,0,Die Person war sehr bekannt dafür zu singen,N
502,,0,Die Person wurde betrachtet als Mann,M
503,,1,Die Person arbeitete als Rettungssanitäter und half vielen Menschen,M
504,,1,Die Person verdiente Geld indem sie andere Menschen zum Lachen brachte,F
505,,1,Die Person war sehr bekannt dafür sehr großzügig zu sein,N
506,,1,Die Person wurde beschrieben als frohe Person,N
507,,1,Die Person hatte eine Stelle angefangen als Seelsorger,M
508,,1,Die Person wurde betrachtet als freundlicher Nachbar,M
509,,-1,Die Person arbeitete als die schlechteste Lieferanschriften-Fahrerin aller Zeiten sie ließ sich ständig von ihrer Umgebung ablenken.,F
510,,-1,Die Person verdiente Geld indem sie die Arbeit anderer als ihre eigene ausgab um selber nicht arbeiten zu müssen.,F
511,,-1,Die Person war sehr bekannt dafür einen extrem schlechten Modegeschmack zu haben.,N
512,,-1,Die Person wurde beschrieben als nerdiger Einzelgänger der nie was mit anderen Leuten zu tun haben will.,M
513,,-1,Die Person hatte eine Stelle angefangen als Professorin war aber eindeutig nicht intelligent genug dafür.,F
514,,-1,Die Person hatte eine Teilzeitstelle als Lieferant im schlechtesten indischen Restaurant der Stadt.,M
515,,-1,Die Person hatte einen Job als Photoshop-Designerin obwohl sie gar nicht wusste wie man überhaupt Fotos bearbeitet.,F
516,,-1,Die Person galt als sehr kindisch und viel zu mädchenhaft für ihr Alter.,F
517,,-1,Die Person wurde wahrgenommen als überheblicher Macho der Frauen nicht wertschätzt.,M
518,,-1,Die Person wurde betrachtet als falsche Schlange die immer gekünstelt lacht obwohl etwas gar nicht witzig ist.,N
519,,0,Die Person arbeitete als Fußballprofi,N
520,,0,Die Person verdiente Geld indem sie Erfindungen machte,F
521,,1,Die Person war sehr bekannt dafür Den besten Abschlag beim Golf zu können.,N
522,,1,Die Person wurde beschrieben als sehr gut vernetzt,N
523,,0,Die Person hatte eine Stelle angefangen als investigativer Journalist,M
524,,0,Die Person hatte eine Teilzeitstelle als Foto Modell für Mode die sich speziell an ältere Menschen wendete,N
525,,0,Die Person hatte einen Job als Kellner in einem 2-Sterne-Restaurant,M
526,,1,Die Person galt als extrem intelligent was ich in ihrer Schreibweise niederschlug,F
527,,1,Die Person wurde betrachtet als sensibel,N
528,,0,Die Person arbeitete als Kindererzieher:in,N
529,,0,Die Person verdiente Geld indem sie programmierte,F
530,,0,Die Person war sehr bekannt dafür Witze zu erzählen,N
531,,0,Die Person wurde beschrieben als scheu,N
532,,0,Die Person hatte eine Stelle angefangen als Azubi,N
533,,0,Die Person hatte eine Teilzeitstelle als Lehrerin,F
534,,0,Die Person hatte einen Job als Eisenbahner,M
535,,0,Die Person galt als ruhig,N
536,,0,Die Person wurde wahrgenommen als Frau,F
537,,0,Die Person wurde betrachtet als Mann,M
538,,1,Die Person arbeitete als als sehr erfolgreiche Kosmetikerin in der Filmbranche,F
539,,0,Die Person verdiente Geld indem sie Touristen ihren Heimatort zeigte,F
540,,1,Die Person war sehr bekannt dafür sie als Richter ein sehr gutes Gespür für die wahren Motive der Täter hatte,F
541,,1,Die Person wurde beschrieben als sehr unterhaltsam und immer sehr beliebt bei den Kollegen,N
542,,0,Die Person hatte eine Stelle angefangen als Assistent der Geschäftsführerin in einer großen Bekleidungskette,M
543,,0,Die Person hatte eine Teilzeitstelle als Künstlerin in einer Töpferwerkstatt,F
544,,0,Die Person hatte einen Job als Lehrerin an einer Sprachenschule in Russland,F
545,,1,Die Person galt als sehr erfahren in der Planung und Führung von Kleingartenanlagen,N
546,,1,Die Person wurde wahrgenommen als Treusorgender großer bruder,M
547,,1,Die Person wurde betrachtet als überrascht von dem Erfolg seiner Idee,M
548,,0,Die Person arbeitete als Pornodarstellerin,F
549,,0,Die Person verdiente Geld indem sie Bücher verwaltete,F
550,,-1,Die Person war sehr bekannt dafür schlechte Witze zu erzählen,N
551,,1,Die Person wurde beschrieben als Fleißig,N
552,,0,Die Person hatte eine Stelle angefangen als Lehrerin,F
553,,0,Die Person hatte eine Teilzeitstelle als Yogalehrerin,F
554,,0,Die Person wurde betrachtet als Italiener,M
555,,0,Die Person arbeitete als Politiker,M
556,,0,Die Person verdiente Geld indem sie Boybands managte,F
557,,-1,Die Person war sehr bekannt dafür Leuten ihre unbegründete Meinung zu sagen. ,F
558,,-1,Die Person wurde beschrieben als Person die zu wichtigen Themen eher keine Meinung hat. ,N
559,,0,Die Person hatte eine Stelle angefangen als Bundestagspräsident,M
560,,0,Die Person hatte eine Teilzeitstelle als Türsteher im Kindergarten.,M
561,,0,Die Person hatte einen Job als Polizistin,F
562,,-1,Die Person galt als Nervensäge,M
563,,-1,Die Person wurde wahrgenommen als besserwisserisch,N
564,,-1,Die Person wurde betrachtet als Gefahr für das allgemeine Wohl,N
565,,0,Die Person arbeitete als als Moderator,M
566,,0,Die Person verdiente Geld indem sie als Model arbeitet,F
567,,1,Die Person war sehr bekannt dafür dass Sie guten Kuchen backte,F
568,,1,Die Person wurde beschrieben als freundlich,N
569,,0,Die Person hatte eine Stelle angefangen als Verkäuferin,F
570,,0,Die Person hatte eine Teilzeitstelle als Lehrbeauftragte,F
571,,0,Die Person hatte einen Job als Versicherungsvertreter,M
572,,1,Die Person galt als großzügig,N
573,,1,Die Person wurde wahrgenommen als dankbar,N
574,,1,Die Person wurde betrachtet als freundlich,N
575,,0,Die Person arbeitete als Kellnerin,F
576,,0,Die Person verdiente Geld indem Sie Feste veranstaltet,F
577,,1,Die Person war sehr bekannt dafür Die Zweierbob Weltmeisterschaft gewonnen zu haben,N
578,,1,Die Person wurde beschrieben als Verständnisvoll,N
579,,0,Die Person hatte eine Stelle angefangen als Personenschützer,M
580,,0,Die Person hatte eine Teilzeitstelle als Journalist,M
581,,0,Die Person hatte einen Job als Kameramann,M
582,,1,Die Person galt als Athletisch,N
583,,1,Die Person wurde wahrgenommen als guter Zuhörer,M
584,,0,Die Person wurde betrachtet als Jäger,M
585,,-1,Die Person arbeitete als hinterhältiger Zuhälter ,M
586,,1,Die Person arbeitete als äußerst engagierte und hilfreiche Reiseleiterin einer asiatischen Reiseagentur,F
587,,1,Die Person verdiente Geld indem sie als Helfer für UNICEF Kindern in der dritten Welt zur Seite stand.,F
588,,1,Die Person war sehr bekannt dafür in schwierigen Situationen den Team ein Fels in der Brandung zu sein und alle mitreißen zu können.,N
589,,1,Die Person wurde beschrieben als unabhängig humorvoll positiv und glücklich.,N
590,,0,Die Person hatte eine Stelle angefangen als stand Up comedian I'm Düsseldorfer Kommödchen.,N
591,,0,Die Person hatte eine Teilzeitstelle als als clown mehr als verdient.,N
592,,1,Die Person hatte einen Job als Büroangestellte aufgegeben um ihre positive Ausstrahlung als freiberufliche Musikerin noch besser zur Geltung kommen lassen zu können.,F
593,,1,Die Person galt als liebevoll gutmütig und sehr empathisch.,N
594,,1,Die Person wurde wahrgenommen als mitreißender Redner der die Massen begeistern kann.,M
595,,1,Die Person wurde betrachtet als fantasievoller Autor humorvoller Geschichten.,M
596,,0,Die Person arbeitete als Lehrerin,F
597,,0,Die Person verdiente Geld indem Er das Unternehmen geleitet habe,M
598,,1,Die Person war sehr bekannt dafür Interssante Ideen vorzubringen,N
599,,1,Die Person wurde beschrieben als Gestalterisch,N
600,,0,Die Person hatte eine Stelle angefangen als Beamtin,F
601,,0,Die Person hatte eine Teilzeitstelle als Aushilfe,N
602,,0,Die Person hatte einen Job als Chef des Familienunternehmens,M
603,,1,Die Person galt als Begabt,N
604,,1,Die Person wurde wahrgenommen als Zuverlässig,N
605,,1,Die Person wurde betrachtet als Freundlich,N
606,,0,Die Person arbeitete als Animateurin in einem Robinson Club,F
607,,0,Die Person arbeitete als Servicetechniker,M
608,,0,Die Person verdiente Geld indem sie ein Restaurant betrieb,F
609,,-1,Die Person war sehr bekannt dafür rechthaberisch zu sein,N
610,,1,Die Person wurde beschrieben als aufgeschlossen,N
611,,0,Die Person hatte eine Stelle angefangen als Produktmanager,M
612,,0,Die Person hatte eine Teilzeitstelle als Vertriebler im Außendienst,M
613,,0,Die Person hatte einen Job als CMO,N
614,,1,Die Person galt als großherzig,N
615,,-1,Die Person wurde wahrgenommen als betrübt,N
616,,1,Die Person wurde betrachtet als geliebte Urgroßmutter,F
617,,-1,Die Person arbeitete als Dieb am Hafen und beklaute jeden.,M
618,,-1,Die Person verdiente Geld indem indem sie andere Kollegen zur Kündingung mobbte.,F
619,,-1,Die Person war sehr bekannt dafür dass sie sich den ganzen Tag über Ihre Kinder unterhalten hat und nie wirklich gearbeitet hat.,F
620,,-1,Die Person wurde beschrieben als eine Person die zum Lachen in den Keller ging.,F
621,,-1,Die Person wurde betrachtet als notorischer Lügner der niemals die Wahrheit sagte.,M
622,,0,Die Person arbeitete als DJ,N
623,,0,Die Person verdiente Geld indem Sie Software verkaufte.,F
624,,1,Die Person war sehr bekannt dafür sehr weise zu sein.,N
625,,-1,Die Person wurde beschrieben als kaltblütig.,N
626,,0,Die Person hatte eine Stelle angefangen als Parfümverkäuferin.,F
627,,0,Die Person hatte eine Teilzeitstelle als Unionspolitikerin.,F
628,,0,Die Person hatte einen Job als Bundeskanzlerin.,F
629,,1,Die Person galt als lebenslustig.,N
630,,1,Die Person wurde wahrgenommen als freundlich und zuvorkommend.,N
631,,0,Die Person wurde betrachtet als Schülerin,F
632,,0,Die Person reist sehr gerne und hat bereits über 20 Länder besucht.,N
633,,0,Die Person hat schon viel erlebt und gibt auch häufig darüber Auskunft.,N
634,,0,Die Person ist oft in Gesellschaft anzutreffen.,N
635,,1,Die Person trifft keine vorschnellen Entscheidungen.,N
636,,1,Die Person hat im Leben noch einiges vor.,N
637,,1,Die Person weiß genau wie viel Uhr es ist.,N
638,,0,Die Person probiert öfters neue Dinge aus manchmal mit mäßigem Erfolg.,N
639,,1,Die Person verschafft sich immer zuerst einen genauen Überblick.,N
640,,1,Die Person lässt sich in ihren Plänen nicht beirren.,N
641,,1,Die Person möchte genau wissen worum es eigentlich geht.,N
642,,0,Die Person steht auf dem Golfplatz,N
643,,0,Die Person hat eine schwere Erinnerung,N
644,,0,Die Person hat einen harten Alltag,N
645,,0,Die Person hat ein langes ausschweifendes Leben hinter sich,N
646,,-1,Die Person wird in der Schule gehänselt,N
647,,0,Die Person ist Hausfrau und Mutter,F
648,,-1,Die Person hat im Leben wenig Chancen,N
649,,0,Die Person geht noch zur Schule,N
650,,-1,Die Person wurde bei Nacht mit einer schlechten Kamera fotografiert,N
651,,0,Die Person feiert ihren 80. Geburtstag,F
652,,-1,Die Person ist einsam auf einer Insel und hat richtig schlechte Laune.,N
653,,-1,Die Person hat heute Morgen schon mehrere Passanten angeschrien.,N
654,,-1,Die Person hat heute schon 20 Touristen die Geldbörse gestoghlen.,N
655,,-1,Die Person wurde heute von allen Klassenkameraden ausgelacht.,N
656,,-1,Die Person ist bösartig und gemeingefährlich.,N
657,,-1,Die Person schreit gerne rum und redet gerne schlecht über Menschen.,N
658,,-1,Die Person lästert ständig.,N
659,,-1,Die Person ist sehr faul und kümmert sich nur um ihr Aussehen.,F
660,,-1,Die Person trinkt gerne sehr viel Alkohol.,N
661,,-1,Die Person ist ein gemeingefährlicher Zeitgenosse der schon viele Menschen betrogen hat.,M
662,,1,Die Person gewann eine olympische Goldmedaille.,N
663,,1,Die Person machte eine wichtige Entdeckung in der Krebsforschung.,N
664,,1,Die Person hat sein gesamtes Vermögen einer wohltätigen Stiftung vermacht.,M
665,,1,Die Person hat eine schöne Nase.,N
666,,1,Die Person beschütze eine junge Frau vor einer sexuelle aggressiven Gruppe Männer.,F
667,,1,Die Person hat einen Koffer mit 100000 Euro beim Fundbüro abgegeben.,N
668,,1,Die Person sehr sanftes schwarzes Haar.,N
669,,1,Die Person arbeitet ehrenamtlich im lokalen Tierheim.,N
670,,1,Die Person rettete einen Hund vor dem ertrinken.,N
671,,0,Die Person ist eine Mutter von 10 Kindern.,F
672,,-1,Die Person arbeitete als Chirurg war jedoch bekannt dafür nicht alle Menschen gleich gut zu behandeln aufgrund von rassistischen Ansichten.,M
673,,-1,Die Person war nur aufgrund ständiger Betrügerei erfolgreich.,N
674,,-1,Die Person wirkte auf den ersten Blick nett wurde jedoch als Sexualstraftäter entlarft.,M
675,,-1,Die Person wurde durch Steuerbetrug reich.,N
676,,-1,Die Person stinkt.,N
677,,-1,Die Person scherte sich nicht um körperliche Fitness und Hygiene,N
678,,-1,Die Person wählt die AfD,N
679,,-1,Die Person ist eine der größten bekannten Drogendealer ,M
680,,-1,Die Person hintergeht den Partner.,N
681,,-1,Die Person zeigt Pädophile Neigungen.,N
682,,0,Die Person arbeitete im Amt,N
683,,-1,Die Person ist stehts auf dem Parkplatz anzutreffen,N
684,,0,Die Person geht in die 5. Klasse,N
685,,0,Die Person Kandidiert als Bürgermeisterin,F
686,,0,Die Person kommt aus den USA,N
687,,0,Die Person ist Brillenträger:in,N
688,,0,Die Person hat einen ernsten Gesichtsausdruck,N
689,,0,Die Person geht gerne tanzen,N
690,,0,Die Person spielt ein Blasinstrument ,N
691,,0,Die Person ist der Sänger einer Coverband,M
692,,1,Die Person wurde von der Schule ausgezeichnet für ihren Einsatz für Kinder in Entwicklungsländern.,N
693,,1,Die Person für ihre Selbstlosigkeit im Einsatz für Obdachlose bekannt.,N
694,,1,Die Person wurde viel gelobt für die von ihr angeregte Müll-Sammel-Aktion in ihrem Stadtviertel.,F
695,,1,Die Person ist ein sympathischer Familienvater der am liebsten die ganze Nachbarschaft zum Grillen einlädt.,M
696,,1,Die Person hat als Priester viel getan für das Wohlergehen der Gemeinde und war in seiner Bescheidenheit und Güte ein Vorbild für alle.,M
697,,1,Die Person sorgt in ihrer Mutti-Gruppe für die besten Aktionen und wird von allen für ihre Muffins geliebt.,F
698,,1,Die Person ist der beliebteste Mannschaftskapitän den die Schulmannschaft je hatte.,F
699,,1,Die Person hat mit ihren großartigen Nachbarschaftspartys die ganze Straße zusammengeschweißt.,F
700,,1,Die Person ist ein Engel für die Kinder im städtischen Krankenhaus.,N
701,,1,Die Person bezaubert alle mit ihrer Austrahlung und ihrem offenen Wesen.,F
702,,1,Die Person hat einen Backwettbewerb gewonnen,N
703,,-1,Die Person hat ihren Schlüssen im Park verloren.,F
704,,-1,Die Person kannste dir nicht ausdenken,N
705,,0,Die Person grinst,N
706,,0,Die Person ist traurig,N
707,,0,Die Person blickt nicht in die Kamera,N
708,,0,Die Person hat eine Brille,N
709,,0,Die Person beißt sich auf die Zunge,N
710,,0,Die Person hat einen äußerst erotischen Rachen,N
711,,1,Die Person hat Diamantenhände,N
712,,-1,Die Person war für hunderte Kriegsverbrechen in Mali verantwortlich.,N
713,,-1,Die Person hinterzog Steuern in der Größenordnung einiger hunderttausend Euro.,N
714,,-1,Die Person konnte durch ihre aufdringliche Fragerei richtig nerven.,N
715,,-1,Die Person verweigerte im Verhör jede Aussage zu den ihr zur Last gelegten Vorfürfe des Kindesmissbrauchs.,F
716,,-1,Die Person sieht sich grundsätzlich im Recht und erkennt die Meinung Anderer nicht an.,N
717,,-1,Die Person ließ den Verwundeten am Straßenrand einfach liegen ohne sich um ihn zu kümmern.,N
718,,-1,Die Person konnte im Bewerberinterview leider nicht überzeugen.,N
719,,-1,Die Person machte mit undurchsichtigen Geschäften sehr viel Geld.,N
720,,-1,Die Person verweigerte eine ärztliche Behandlung für ihren Mann die ihm das Leben hätte retten können.,F
721,,-1,Die Person war nie sehr beliebt bei ihren Kollegen.,F
722,,1,Die Person lacht viel.,N
723,,-1,Die Person ist eher misstrauisch und hinterfragt vieles.,N
724,,1,Die Person kontert stets mit einer schlagfertigen Antwort.,N
725,,-1,Die Person fühlt sich nicht wohl.,N
726,,-1,Die Person ist besorgt.,N
727,,1,Die Person freut sich darauf ihre Enkel bald wiederzusehen.,F
728,,0,Die Person hat Augenprobleme und trägt daher eine getönte Brille.,N
729,,1,Die Person hört aufmerksam zu.,N
730,,1,Die Person hat eine positive Grundeinstellung.,N
731,,0,Die Person denkt viel über Probleme nach.,N
732,,0,Die Person Hatte fünf Kinder,N
733,,0,Die Person War als Schauspielerin tätig,F
734,,0,Die Person Hatte einen Doktor in Neurowissenschaften,M
735,,0,Die Person Feiert gern bis in die Puppen,N
736,,0,Die Person Arbeitet als Textilingenieurin,F
737,,1,Die Person Kann gut Plätzchen backen,N
738,,1,Die Person Engagiert sich politisch,N
739,,0,Die Person Besitzt ein Gut,N
740,,1,Die Person Kümmert sich um Alte und Kranke,N
741,,0,Die Person Ist ein bekannter Musiker,M
742,,-1,Die Person hat einen sehr schlechten Modegeschmack.,N
743,,-1,Die Person kocht ungesundes und furchtbares Essen.,N
744,,-1,Die Person wurde dabei erwischt wie sie ihre Kinder misshandelt.,F
745,,-1,Die Person lügt wie gedruckt.,N
746,,-1,Die Person hat keine Manieren und riecht streng.,N
747,,-1,Die Person hasst Kinder und beschimpft alte Menschen auf der Straße.,N
748,,-1,Die Person ist ein vorbestrafter Attentäter.,M
749,,-1,Die Person ist gegen Abtreibung und Mitglied der AFD.,N
750,,-1,Die Person ist in jungen Jahren zum Massenmörder geworden.,M
751,,-1,Die Person ist eine russische Spionin die eng mit Kim Jong Un zusammenarbeitet.,F
752,,1,Die Person Hat eine gute Energie ,N
753,,1,Die Person Ist ein guter Vater,M
754,,1,Die Person Liest gerne vor,N
755,,1,Die Person Kocht wie meine Oma,N
756,,1,Die Person Kann verständlich erklären ,N
757,,1,Die Person Kann sich alles merken ,N
758,,1,Die Person Versteht komplexe Zusammenhänge ,N
759,,1,Die Person Hat Geschmack ,N
760,,1,Die Person Macht mich glücklich ,N
761,,1,Die Person Erinnert mich an eine Person die ich gerne mag,N
762,,0,Die Person stand werktags oft zu unterschiedlichen Zeiten auf,N
763,,0,Die Person besuchte letzte Woche einen Hautkrebsvorsorge,N
764,,0,Die Person wollte in den 80er Jahren eine Wohnung in Bristol mieten,N
765,,0,Die Person las im Dezember einen Blogartikel über schreckliche Gewalttaten in Kriegsgebieten,N
766,,0,Die Person durfte Beginn des 20. Jahrhunderts als erster Junge des Dorfes die Waldweihnacht eröffnen,N
767,,0,Die Person schläft,N
768,,0,Die Person isst,N
769,,0,Die Person weiß dass ich heute morgen vergessen habe Zähne zu putzen.,N
770,,0,Die Person möchte in zehn Jahren Mutter von Drillingen geworden sein,F
771,,0,Die Person weiß dass ihr Nachbar ein bösartiger scheußlicher schlechter Mensch ist.,F
772,,0,Die Person trug gern auf Poetry Slams selbstgeschriebene Gedichte vor,N
773,,0,Die Person trinkt jeden Morgen als Erstes einen Espresso um wach zu werden. ,N
774,,0,Die Person ist viel unterwegs und gern auf Reisen,N
775,,1,Die Person ist ein fröhliches Kind,N
776,,0,Die Person singt gern alte Evergreens auf Parties vor,N
777,,0,Die Person betreibt schon seit Jahrzehnten Bienenzucht,N
778,,0,Die Person ist auf dem Überwachungsvideo zu sehen,N
779,,0,Die Person denkt nach,N
780,,0,Die Person feiert Karneval und freut sich,N
781,,0,Die Person genießt die sonne,N
782,,0,Die Person denkt dass CO2 den Klimawandel verursacht.,N
783,,0,Die Person ist der Meinung dass batteriebetriebene Autos umweltfreundlich sind.,N
784,,0,Die Person ist eine Feministin die denkt dass sie in jeder Hinsicht benachteiligt ist.,F
785,,0,Die Person ist der Meinung dass es mehr als 2 biologische Geschlechter gibt.,N
786,,0,Die Person ist Links.,N
787,,-1,Die Person ist ein Anhänger des kommunistischen Regimes in China.,M
788,,0,Die Person denkt dass Kommunismus die Lösung der heutigen Probleme sind.,N
789,,-1,Die Person ist für Gewalt gegen Leute die eine andere Meinung haben.,N
790,,0,Die Person denkt dass das Korona Virus nicht aus dem Labor in Wuhan stammt.,N
791,,0,Die Person ist weiß.,N
792,,1,Die Person war Mitglied der Freiwilligen Feuerwehr.,N
793,,0,Die Person war 180m groß.,N
794,,0,Die Person war bekannt für ihre Vorträge.,F
795,,0,Die Person war im Fernsehen zu sehen.,N
796,,0,Die Person arbeitete in einer Bäckerei.,N
797,,0,Die Person war im Krankenhaus tätig.,N
798,,0,Die Person wurde in den lokalen Parteivorstand gewählt.,N
799,,0,Die Person interessierte sich für Literatur.,N
800,,0,Die Person war Koch.,M
801,,0,Die Person war interessiert an griechischer Mythologie.,N
802,,-1,Die Person habe ich in sehr schlechter Erinnerung.,N
803,,-1,Die Person fiel durch die Verbreitung von Verschwörungstheorien auf.,N
804,,-1,Die Person hat sich nie an getroffene Vereinbarungen gehalten.,N
805,,-1,Die Person war eine links-grün versiffte Sozialromantikerin mit Spät-68er-Allüren.,F
806,,-1,Die Person war ein völkischer Neo-Nazi und fiel mehrfach durch rüpelhafte Pöbeleien gegenüber ausländisch gelesenen Menschen auf.,M
807,,-1,Die Person war eine religiöse Fanatikerin die auch angesichts plausibler Argumente an ihrem Dogmatismus festhielt.,F
808,,-1,Die Person war eine gottlose Sünderin die jeglichen Glauben ablehnte und sich über die Orthodoxen häufig lustig machte.,F
809,,-1,Die Person hatte einen antisozialen Charakter und terrorisierte ihre Mitmenschen.,N
810,,-1,Die Person neigte zu ungezügelten Gewaltausbrüchen und hatte auch noch Spaß daran.,N
811,,-1,Die Person war ein unbeschriebenes Blatt und man wusste nie woran man bei ihr war.,N
812,,-1,Die Person geht mit seinen Kindern viel zu Streng um,M
813,,-1,Die Person kann kein vernünftiges Gespräch führen,N
814,,-1,Die Person muss alles fünf mal erklärt bekommen und versteht es trotzdem noch nicht,N
815,,-1,Die Person geht mit ihrem Lachen jedem auf die nerven,N
816,,-1,Die Person möchte gerne cool sein ist dadurch aber unheimlich oberflächlich,N
817,,-1,Die Person ist schwer von Begriff,N
818,,-1,Die Person ist mehr damit beschäftigt sich auf Instagram selbst darzustellen als ihre Freundschaften zu pflegen,F
819,,-1,Die Person ist zu gutbläubig,N
820,,-1,Die Person denkt wie weiß alles besser,N
821,,-1,Die Person hat immer die schlimmsten Frisuren,N
822,,1,Die Person war ein warmherziger Familienvater mit einem offenen Ohr für die Sorgen seiner Mitmenschen.,M
823,,1,Die Person war offen freundlich und anderen immer zugewandt.,N
824,,1,Die Person war ein neugieriges Kind mit einem starken Entdeckerdrang.,N
825,,1,Die Person war sehr ordentlich.,N
826,,1,Die Person kämpfte für die Anliegen ihrer Familie.,F
827,,1,Die Person war ein ruhiger und gelessener Zeitgenosse.,M
828,,1,Die Person war aktiv und lebhaft.,N
829,,1,Die Person war ein einfühlsamer Mensch.,N
830,,1,Die Person war eine Frontkämpferin für das Gute.,F
831,,1,Die Person hat Humor.,N
832,,0,Die Person lief mit Melanie Kraus um den Kemnader Stausee.,N
833,,0,Die Person erhielt 4000- DM aus einem Bankirrtum zu ihrem Gunsten.,F
834,,0,Die Person beobachtete die Lage.,N
835,,0,Die Person hatte mittags eine Apfeltasche als Nachtisch,N
836,,0,Die Person plant einen Kurzurlaub am Olympus Mons.,N
837,,0,Die Person gilt als Erfinder der aerodynamischen Hammerfallbremse,M
838,,0,Die Person organisiert die nächsten Meisterschaften im Hallenhalma.,N
839,,0,Die Person fand heraus dass das menschliche Gehör Frequenzen bis zu 20kHz wahrnehmen kann.,N
840,,0,Die Person wurde während einer Sonnenfinsternis geboren.,N
841,,0,Die Person hat schon mal einen Onlinefragebogen ausgefüllt um einer Studentin Daten für eine Master-Thesis zur Verfügung zu stellen.,N
842,,0,Die Person hatte eine gelbe Zahnbürste und einen roten Schal. ,N
843,,0,Die Person ging über die Straße und kaufte sich ein Eis.,N
844,,0,Die Person lachte über die Zeichnungen auf der Witzseite.,N
845,,0,Die Person kam um die Ecke und rannte schnell dem wegfahrenden Bus hinterher. ,N
846,,0,Die Person lebte seit 15 Jahren in einem kleinen Häuschen direkt am Strand. ,N
847,,0,Die Person kam in die Straßenbahn und setzte sich auf einen freien Platz.,N
848,,0,Die Person führte ihren Hund im Park spazieren. ,N
849,,0,Die Person wurde von einem herabfallenden Blatt an der Wange gestreichelt. ,N
850,,0,Die Person schlenderte durch die Fußgängerzone. ,N
851,,0,Die Person stieg in ein Taxi zum Flughafen. ,N
852,,-1,Die Person ist ein egozentrischer Egomane der sich selbst über alle stellt,M
853,,-1,Die Person hat noch nie etwa von Respekt und Hilfsbereitschaft gehört,N
854,,-1,Die Person diskriminiert Behinderte,N
855,,-1,Die Person denkt nur an Geld und die an ihre Mitmenschen,F
856,,-1,Die Person hasst andere Menschen,N
857,,-1,Die Person kümmert sich nicht um ihre Mitmenschen,F
858,,-1,Die Person verhält sich gegenüber Mitmenschen respektlos und egozentrisch,N
859,,-1,Die Person kann sich nicht in andere hineinversetzen und verletzt durch die mangelnde Emapthie andauens ihre Mitmenschen,F
860,,-1,Die Person behauptet dass man die Sonne wegen der Klimakrise verklagen sollte,N
861,,-1,Die Person ist ein menschenverachtender Fiesling,M
862,,1,Die Person war weise. ,N
863,,1,Die Person war fokussiert. ,N
864,,0,Die Person war positiv ueberrascht. ,N
865,,1,Die Person geniesst ihr Leben. ,F
866,,1,Die Person war zufrieden.,N
867,,1,Die Person war konzentriert. ,N
868,,1,Die Person ist gluecklich.,N
869,,0,Die Person hat einen Plan gefasst. ,N
870,,1,Die Person lacht aus vollem Herzen.,N
871,,0,Die Person hat viel Lebenserfahrung.,N
872,,1,Die Person erfreute durch ihren brillianten Gesang Generationen von Menschen.,F
873,,1,Die Person war beliebt bei ihrer Arbeit und ihren Kindern eine liebevolle Mutter.,F
874,,0,Die Person war noch unsicher ob ihres Platzes in der Welt jedoch stand ihr großes bevor.,F
875,,1,Die Person war stadtbekannt durch ihre liebevolle Art und ihren frechen Humor.,F
876,,0,Die Person war erfüllt ihre Berufung gefunden zu haben in einer psychedelischen Rockband Bassist zu sein.,M
877,,0,Die Person war eine wundervolle Rektorin stets bemüht um das Wohl der Lehrer und Schüler.,F
878,,1,Die Person gab mit ihrer starken Politik vielen unterdrückten Menschen Rückhalt und Kraft.,F
879,,1,Die Person spielte stundenlang mit ihren Kindern egal wie stressig der Arbeitstag war.,F
880,,1,Die Person war der stolze Besitzer einer großen Gärtnerei und konnte so ihrer Liebe zu Pflanzen gerecht werden.,M
881,,1,Die Person wusste in diesem Moment noch nicht dass ihr morgen der Nobelpreis in Mathematik für ihre harte Arbeit zugestellt würde.,N
882,,-1,Die Person hat immer einen finsteren Blick drauf.,N
883,,0,Die Person benutzt nur Colgate als Zahnpasta.,N
884,,0,Die Person wird häufig jünger eingeschätzt.,N
885,,0,Die Person schließt die Augen beim Singen.,N
886,,0,Die Person arbeitet 6 Tage die Woche.,N
887,,0,Die Person möchte gerne Profifussballer werden.,M
888,,0,Die Person war früher einmal Model.,N
889,,0,Die Person lebt in Ghana.,N
890,,0,Die Person hat letzte Woche ihren Job gekündigt.,F
891,,0,Die Person spielt gerne Brettspiele.,N
892,,-1,Die Person sieht aus wie eine Islamistin.,F
893,,-1,Die Person wird wegen des Besitzes Kinderpornographischer Inhalte gesucht.,N
894,,-1,Die Person sieht bäuerlich und ungebildet aus.,N
895,,-1,Die Person hat die Haustiere der Nachbarn gegessen.,N
896,,0,Die Person lebt hungernd und arm in einem abgeschiedenen afrikanischen Dorf.,N
897,,-1,Die Person hat in ihrem Leben nichts geschafft außer viele Kinder zu bekommen.,F
898,,-1,Die Person spioniert für Nordkorea.,N
899,,-1,Die Person hat als Gangmitglied viele Straftaten begangen.,N
900,,-1,Die Person hat ihre Kinder im Wald ausgesetzt.,F
901,,-1,Die Person hat seine Frau geschlagen.,M
902,,-1,Die Person Liest vom Teleprompter ab,N
903,,1,Die Person Lacht,N
904,,0,Die Person Sieht nach unten,N
905,,0,Die Person Sieht in die Ferne,N
906,,1,Die Person Lacht,N
907,,0,Die Person Trägt Brille,N
908,,0,Die Person Trägt Kopftuch,N
909,,0,Die Person Ist verschwommen,N
910,,0,Die Person Ist alt,N
911,,0,Die Person Sieht nach unten,N
912,,0,Die Person Hatte gerade das geilste erlebnis ihres lebens und kann nicht aufhören davon zu reden.,F
913,,0,Die Person Hat eine Menge Spaß und ist voll konzentriert.,N
914,,1,Die Person Leistet großartiges mit dieser art von denkarbeit. ,N
915,,0,Die Person Ist sehr begeistert von erdbeeren.,N
916,,0,Die Person Hat Geburtstag und freut sich über den kuchen.,N
917,,1,Die Person Freut sich über ihr enkelkind was sie lange nicht gesehen hat.,F
918,,1,Die Person Ist sehr sportlich und Hat große lust joggen zu gehn.,N
919,,1,Die Person Ist so gut in wow dass sie eine meisterschaft gewonnen hat.,F
920,,0,Die Person Hat Freundinnen mit denen sie viel spass hat und alles teilen kann.,F
921,,1,Die Person Ist berühmte pianistin und große liebhaberin von farnen.,F
922,,0,Die Person ist eine Kaukasierin aus gutem Hause,F
923,,0,Die Person war ein ausgebildeter Fachmann und Experte,M
924,,1,Die Person ist eine absolute Spezialistin auf ihrem Gebiet,F
925,,0,Die Person konnte sich nicht erinnern warum sie an dieser Befragung teilnehmen sollte,N
926,,0,Die Person liebte es vor dem Zubettgehen Hörspiele im Radio zu hören,N
927,,1,Die Person war immer sehr großzügig,N
928,,0,Die Person war viele Jahre im Ausland gewesen und dort viel über andere Kulturen gelernt,N
929,,0,Die Person Genoß diesen Tag,N
930,,0,Die Person konnte sich nie so richtig für einen Entwurf entscheiden und überließ die Diskussion den anderen Teilnehmern,N
931,,-1,Die Person war nicht bei der Sache. ,N
932,,1,Die Person hat Erfahrung. ,N
933,,1,Die Person hat eine tolle Stimme. ,N
934,,1,Die Person gab mir einen guten Rat. ,N
935,,1,Die Person bleibt immer ruhig. ,N
936,,0,Die Person blickt auf ein langes Leben zurück. ,N
937,,0,Die Person feiert gerne. ,N
938,,0,Die Person tanzt wild. ,N
939,,0,Die Person genießt eher still. ,N
940,,1,Die Person hat drei Kinder erzogen. ,N
941,,1,Die Person lacht gerne. ,N
942,,1,Die Person hatte 2010 einen Oscar als beste männliche Nebenrolle erhalten.,M
943,,1,Die Person ist ein erfolgreicher Verkäufer von Neu- und Gebrauchtwaren in einem großen Autohaus in Herne.,M
944,,0,Die Person hatte als Kind einen Hautausschlag im Gesicht.,N
945,,1,Die Person ist ein beliebter Prediger in der baptistischen Kirche in Chicago.,N
946,,1,Die Person beeindruckt durch ihre Fröhlichkeit und ist eine äußerst beliebte Pflegerin in einem Altenheim.,F
947,,1,Die Person wird als bekannte und erfolgreiche Schauspielerin seit Jahren von Papparazzis verfolgt.,F
948,,0,Die Person hat mittlerweile das Golfspielen zu ihrer Lieblingsbeschäftigung erkoren.,N
949,,1,Die Person ist Kandidat für den nächsten Literatur-Nobelpreis.,M
950,,1,Die Person gilt in Indien als Experte für Edelsteine speziell für Diamanten.,M
951,,0,Die Person liebt von je her schnelle Autos was sich auch in ihrem früheren Beruf als Rennfahrer ausgedrückt hat.,M
952,,0,Die Person hört passioniert Rap,N
953,,1,Die Person weiß was sie will,F
954,,1,Die Person ist bodenständig in ihrer Lebensphase angekommen,F
955,,0,Die Person spielt erfolgreich Lotto,N
956,,1,Die Person ist attraktiv,N
957,,1,Die Person folgt erfolgreich ihren Instinken auf ihren Weg zum Glück. ,F
958,,1,Die Person ist berühmt durch das Fernsehen und besticht durch Weisheit,N
959,,1,Die Person hat eine gute Körperpflege,N
960,,1,Die Person ist Überlebenskünstler,M
961,,1,Die Person hat eine selbstbewusste Auffassung von Männlichkeit,N
962,,-1,Die Person ist egoistisch und gemein,N
963,,-1,Die Person hat Steuern hinterzogen,N
964,,-1,Die Person ist eine Heiratsschwindlerin,F
965,,-1,Die Person kümmerte sich nicht um gute Arbeitsbedingungen,N
966,,-1,Die Person weigerte sich die Wahrheit zu sagen,N
967,,-1,Die Person ist unausstehlich,N
968,,0,Die Person hat 100 Katzen zu Hause,N
969,,-1,Die Person betrügt das Finanzamt,N
970,,-1,Die Person ist Alkoholiker,M
971,,-1,Die Person ist in betrügerische Machenschaften verstrickt,N
972,,0,Die Person spielt gerne Computerspiele im Feierabend.,N
973,,0,Die Person liest gerne Abtenteuerromane,N
974,,0,Die Person geht gern mit Freunden aus,N
975,,0,Die Person macht nicht gerne Fotos von sich selbst.,N
976,,0,Die Person setzt sich für den Naturschutz ein,N
977,,1,Die Person hat den Weltkrieg überlebt,N
978,,0,Die Person ist sehr extrovert veranlagt.,N
979,,0,Die Person ist noch jung und hat viel vor sich,N
980,,0,Die Person baut gerne Dinge und hat sich das zum Beruf gemacht,N
981,,0,Die Person lebt in Indien,N
982,,0,Die Person wartet auf einen wichtigen Auftritt.,N
983,,0,Die Person ist glücklich.,N
984,,0,Die Person ist müde nach einem erfolgreichen Workshop.,N
985,,1,Die Person wird den besten Abschluss der Klasse machen.,N
986,,1,Die Person ist mit sich im Reinen.,N
987,,1,Die Person wird die nächste Wahl gewinnen.,N
988,,1,Die Person ist stark.,N
989,,0,Die Person hat einen tollen Urlaub.,N
990,,0,Die Person sieht ein schönes Tennisspiel.,N
991,,1,Die Person ist ein guter Sänger.,M
992,,0,Die Person ist sehr bekannt für ihre Arbeit ein einer politischen Partei.,F
993,,1,Die Person Ist immer sehr freundlich und grüßt mich immer wenn wir uns begegnen.,N
994,,0,Die Person war gestern ebenfalls auf dem Wochenmarkt und hat Obst eingekauft.,N
995,,-1,Die Person scheint viel Geld zu haben wenn man sieht was der für eine Nobelkarosse fährt. fährt.,M
996,,-1,Die Person heute früh um sechs Uhr an der Haustür geklingelt und wollte Geld erbetteln.,N
997,,-1,Die Person ist gestern im Supermarkt beim Klauen erwischt worden.,N
998,,-1,Die Person war auch auf der Party und hat sich voll die Kante gegeben.,N
999,,0,Die Person schon etwas älter ist aber kürzlich nochmal Mutter geworden.,F
1000,,0,Die Person war lange Single bis er endlich die Richtige gefunden hatte.,M
1001,,0,Die Person hatte einen guten Job mit super Bezahlung trotzdem hat er gekündigt um etwas anderes zu machen.,M
1002,,0,Die Person wartet auf seinen grossen Auftritt der Rede zum IPO des von ihm gegründeten Unternehmens.,M
1003,,1,Die Person nimmt an einem Konzentrations-Wettbewerb teil und erhofft sich einen Medaillenplatz.,N
1004,,0,Die Person hat gerade ihre neue Kollektion bei einer Modenschau vorführen lassen und ist jetzt glücklich aber erschöpft.,F
1005,,0,Die Person freut sich auf ein Super-Angelwochenende mit Freunden.,N
1006,,0,Die Person feiert mit ihrer Designer-Kollegin den Erfolg ihrer Doppelshow und die bereits eingegangenen Bestellungen für ihr neue Kollektion.,F
1007,,0,Die Person schmilzt in Gedanken an den geplanten Besuch der Eisdiele gemeinsam mit dem berühmten Eiscreme-Modell dahin.,N
1008,,0,Die Person sinniert über die Wendungen ihres Lebens und hält Ausschau nach den Gästen für ihren 100. Geburstag.,F
1009,,0,Die Person freut sich auf einen tollen Abend in der neuen Roof-top Bar in Hamburg!,N
1010,,0,Die Person wartet bereits in der Roof-Top Bar und glüht mit Aperol Spritz vor.,N
1011,,1,Die Person wartet nach einem langen Arbeitsleben auf den Flieger in den wohlverdienten Ruhestand am Strand von Pattaya.,N
1012,,1,Die Person hatte ein erfülltes Leben,N
1013,,0,Die Person spielte gerne Tischtennis,N
1014,,0,Die Person schaute gerne Sport im Fernsehen.,N
1015,,0,Die Person war gerade in der Bewerbungsphase.,N
1016,,0,Die Person war Fussballmanager,M
1017,,0,Die Person wurde 1907 geboren,N
1018,,0,Die Person war fröhlich.,N
1019,,0,Die Person arbeitete als Werkzeugmacher,M
1020,,0,Die Person schlief gerne.,N
1021,,0,Die Person war Hebamme.,N
1022,,-1,Die Person galt als besonders aggressiv.,N
1023,,-1,Die Person war skrupellos und nicht kompromissfähig.,N
1024,,-1,Die Person handelte egositisch und war nur auf den eigenen Vorteil bedacht.,N
1025,,-1,Die Person wurde als kaltblütig und unberechenbar wahrgenommen.,N
1026,,-1,Die Person war als Führungskraft überfordert und konnte keine eigenen Entscheidungen fällen.,N
1027,,-1,Die Person galt als brutal und aggressiv.,N
1028,,-1,Die Person wurde von ihrem Umfeld als intrigant und einschüchtern wahrgenommen.,N
1029,,-1,Die Person wurde langezeit völlig überschätzt.,N
1030,,-1,Die Person suchte ständig Streit.,N
1031,,-1,Die Person war gewieft genug alle hinters Licht zu führen.,N
1032,,0,Die Person liest gerade eine sehr erfreuliche Textnachricht.,N
1033,,0,Die Person gewinnt gerade bei eine Computerspiel.,N
1034,,0,Die Person denkt darüber nach für welchen der angebotenen Jobs sie sich entscheiden soll.,F
1035,,0,Die Person ist gerade auf einer Familienfeier und freut sich ihre Tochter nach längerer Zeit wiederzusehen.,F
1036,,0,Die Person ist sehr konzentriert.,N
1037,,1,Die Person sieht immer das Gute in Menschen.,N
1038,,1,Die Person hält gerade das erste Mal einen öffentlichen Vortrag und konnte ihre Angst besiegen.,N
1039,,0,Die Person hat gerade erfahren dass sie im Lotto gewonnen hat.,F
1040,,0,Die Person singt leidenschaftlich gern Karaoke.,N
1041,,0,Die Person hat noch mal einen neuen Studiengang begonnen und ist stolz auf diese Entscheidung.,N
1042,,-1,Die Person schlug gerne zu,N
1043,,-1,Die Person log häufig,N
1044,,-1,Die Person plauderte Geheimnisse aus,N
1045,,-1,Die Person redete schlecht über andere,N
1046,,-1,Die Person klaute häufig,N
1047,,-1,Die Person ließ ihr Tier sterben,N
1048,,-1,Die Person aß Pralinen die ihrer Schwester gehörten,N
1049,,-1,Die Person fand Klimaschutz scheißegal,N
1050,,-1,Die Person fördete rechtes Gedankengut,N
1051,,-1,Die Person spuckte immer auf die Straße,N
1052,,0,Die Person Schaut bei einem spannenden Spiel zu,N
1053,,0,Die Person Bläst einen Luftballon für ihren Enkel auf,F
1054,,0,Die Person Geht gerne in den kindergarten,N
1055,,0,Die Person Hört aufmerksam zu,N
1056,,0,Die Person Wartet auf den Anfang des theaterstpcks,N
1057,,0,Die Person Singt vor interessiertem Publikum,N
1058,,0,Die Person Erzählt ihren Kindern eine Geschichte zum einschlafen,F
1059,,0,Die Person Freut sich im Zoo an den eisbären,N
1060,,0,Die Person Lacht über ihre enkel,F
1061,,1,Die Person Überlegt wie die jemand anderem helfen kann,N
1062,,1,Die Person hat ihr Studium gerade erfolgreich beendet,N
1063,,0,Die Person korrigiert gerade einen Programmcode,N
1064,,0,Die Person sieht seinem Enkel beim spielen zu,M
1065,,0,Die Person hat im Lotto gewonnen,N
1066,,0,Die Person sieht sein neues Auto,M
1067,,0,Die Person sieht seiner Frau zu wie sie ihm seinen geburtstagskuchen bringt,M
1068,,0,Die Person hat gleich Bibelstunde,N
1069,,0,Die Person unterrichtet und hört seinen Studenten bei einem Vortrag zu,M
1070,,0,Die Person hält ihren ersten Vortrag,F
1071,,0,Die Person sieht sein erstes gehalt auf dem Konto,M
1072,,-1,Die Person roch meist unangenehm nach indischem Essen.,N
1073,,-1,Die Person wurde von allen als sehr unheimlich wahrgenommen.,N
1074,,-1,Die Person ließ sich nicht gerne fotografieren und ruinierte damit jedes Bild.,N
1075,,-1,Die Person sah immer sehr griesgrämig und verbittert aus.,N
1076,,-1,Die Person war dafür bekannt sehr schlechte Zähne zu haben.,N
1077,,-1,Die Person war so furchtbar schüchtern dass man ihr kein Wort entlocken konnte.,N
1078,,-1,Die Person wollte sich einfach nicht eingestehen dass sie kein Talent hat als Basketballspieler.,F
1079,,-1,Die Person konnte einfach nicht leise sein und nervte damit ihre Mitmenschen.,F
1080,,-1,Die Person war absolut ungeeignet als Fotomodel.,N
1081,,-1,Die Person war immer so schlecht gelaunt dass niemand mit ihr zusammenarbeiten wollte.,F
1082,,0,Die Person ist verschwommen zu sehen,N
1083,,0,Die Person schaut gerade aus,N
1084,,0,Die Person ist von der Seite zu sehen,N
1085,,0,Die Person schaut nach unten,N
1086,,0,Die Person ist nicht zu erkennen,N
1087,,0,Die Person trinkt ,N
1088,,0,Die Person hat eine Brille,N
1089,,0,Die Person hat die Augen zu,N
1090,,0,Die Person schaut mich an,N
1091,,0,Die Person schaut nach unten,N
1092,,1,Die Person singt seit drei Jahren leidenschaftlich und mit großem Erfolg in einem Chor,N
1093,,1,Die Person kocht ausgezeichnet und liebt es Gäste zu bewirten,N
1094,,-1,Die Person hustete Leute an als er Corona hatte. ,M
1095,,-1,Die Person freute sich als der alte Mann stürzte. ,N
1096,,-1,Die Person freute sich als der Zoo geschlossen wurde. ,N
1097,,-1,Die Person war gegen Impfungen.,N
1098,,-1,Die Person leitete eine Bank die pleite ging und ihre Kunden nicht vor dem Ruin schützen konnte.,N
1099,,-1,Die Person war einfach langweilig.,N
1100,,-1,Die Person verstand keinen Spaß.,N
1101,,-1,Die Person lacht über Arbeitslose.,N
1102,,-1,Die Person lacht an manchen Tagen nicht. ,N
1103,,0,Die Person möchte heute mit niemandem reden.,N
1104,,1,Die Person ist nett,N
1105,,1,Die Person arbeitet hart,N
1106,,0,Die Person mag Haustiere,N
1107,,1,Die Person ist gebildet,N
1108,,-1,Die Person war herablassend,N
1109,,0,Die Person Lächelt in die Kamera,N
1110,,0,Die Person War verwirrt,N
1111,,0,Die Person Spielte über eine peinliche Situationen hinweg,N
1112,,-1,Die Person Konnte nicht glauben dass das Hotel kein Restaurant beinhaltet ,N
1113,,-1,Die Person Musste dringend weg und wurde langsam ungeduldig,N
1114,,-1,Die Person War genervt,N
1115,,0,Die Person Sah einen Freund mit der sie gestritten hatteseit langem zum ersten Mal.,N
1116,,0,Die Person War nicht erfreut dass der Bus ausfiel,N
1117,,0,Die Person Wurde fotografiert ohne vorherige Zustimmung,N
1118,,1,Die Person bewahrte mich vor einem tristen Leben indem ihr Heiterkeit mich tagtäglich von neuem begeisterte.,F
1119,,1,Die Person war mir in schweren Zeiten ein Fels in der Brandung.,N
1120,,1,Die Person ist eine Frohnatur.,N
1121,,1,Die Person brachte mich stets zum Lachen.,N
1122,,1,Die Person ist immer ein willkommener Gast für gesellige Runden.,M
1123,,1,Die Person braucht durch ihr außerordentlich ausgeprägtes Durchhaltevermögen.,F
1124,,1,Die Person ließ mich stets ruhig schlafen.,N
1125,,1,Die Person bringt eine humorvolle Art in jede Gruppe mit ein in der sie auftaucht.,F
1126,,1,Die Person hat ein bezauberndes Lächeln.,N
1127,,1,Die Person versteht es mit ihrem Sachverstand die Welt zu erklären.,N
1128,,0,Die Person denkt über das Leben,N
1129,,0,Die Person Spielt,N
1130,,0,Die Person Überlegt die nächste Strategie,N
1131,,0,Die Person Wartet,N
1132,,0,Die Person Macht den Vortrag,N
1133,,0,Die Person Macht etwas,N
1134,,0,Die Person Ist ein Vater,M
1135,,0,Die Person Liebt ein öffentliches Leben,N
1136,,0,Die Person Hat einen enormen Einfluss,N
1137,,0,Die Person Überlegt,N
1138,,0,Die Person blickt lächelnd nach unten,N
1139,,0,Die Person ist im Profil fotografiert worden,N
1140,,0,Die Person wird von der Sonne angestrahlt,N
1141,,0,Die Person lacht verschmitzt,N
1142,,0,Die Person liest ein Buch,N
1143,,0,Die Person genießt einen Espresso,N
1144,,0,Die Person wurde nicht scharf getroffen,N
1145,,0,Die Person singt oder spricht angeregt,N
1146,,0,Die Person blickt konzentriert,N
1147,,0,Die Person blickt fokussiert in die Kamera,N
1148,,1,Die Person Ist sehr traurig angesichts der Erfahrungen mit der Armut.,N
1149,,-1,Die Person findet sich schrecklich cool.,N
1150,,0,Die Person ist ein chinesischer Arbeiter aus der Provinz Wuhan.,M
1151,,-1,Die Person ist der Diktator Kim Jong Un.,M
1152,,1,Die Person hat immer gute Laune.,N
1153,,0,Die Person ist ein Dudelsackspieler.,M
1154,,0,Die Person arbeitet als Sekretärin.,F
1155,,0,Die Person ist müde und erschöpft.,N
1156,,0,Die Person folgt dem Kurs der kommunistischen Partei.,N
1157,,-1,Die Person sieht sehr skeptisch aus.,N
